[14-May-2026 11:35:37 Asia/Kolkata] PHP Warning:  ini_set(): Session ini settings cannot be changed when a session is active in /data/html/hcmadras/config/dbconfig.php on line 22
[14-May-2026 11:35:37 Asia/Kolkata] PHP Warning:  ini_set(): Session ini settings cannot be changed when a session is active in /data/html/hcmadras/config/dbconfig.php on line 23
[14-May-2026 11:35:37 Asia/Kolkata] PHP Warning:  ini_set(): Session ini settings cannot be changed when a session is active in /data/html/hcmadras/config/dbconfig.php on line 24
[14-May-2026 11:35:38 Asia/Kolkata] PHP Warning:  Cannot modify header information - headers already sent by (output started at /data/html/hcmadras/header.php:31) in /data/html/hcmadras/config/dbconfig.php on line 5
[14-May-2026 11:35:38 Asia/Kolkata] PHP Warning:  Cannot modify header information - headers already sent by (output started at /data/html/hcmadras/header.php:31) in /data/html/hcmadras/config/dbconfig.php on line 6
[14-May-2026 11:35:38 Asia/Kolkata] PHP Warning:  Cannot modify header information - headers already sent by (output started at /data/html/hcmadras/header.php:31) in /data/html/hcmadras/config/dbconfig.php on line 7
[14-May-2026 11:35:38 Asia/Kolkata] PHP Warning:  Cannot modify header information - headers already sent by (output started at /data/html/hcmadras/header.php:31) in /data/html/hcmadras/config/dbconfig.php on line 8
[14-May-2026 11:35:38 Asia/Kolkata] PHP Warning:  Cannot modify header information - headers already sent by (output started at /data/html/hcmadras/header.php:31) in /data/html/hcmadras/config/dbconfig.php on line 9
[14-May-2026 11:35:38 Asia/Kolkata] PHP Warning:  Cannot modify header information - headers already sent by (output started at /data/html/hcmadras/header.php:31) in /data/html/hcmadras/config/dbconfig.php on line 10
[14-May-2026 11:35:38 Asia/Kolkata] PHP Warning:  Cannot modify header information - headers already sent by (output started at /data/html/hcmadras/header.php:31) in /data/html/hcmadras/config/dbconfig.php on line 11
[14-May-2026 11:35:38 Asia/Kolkata] PHP Warning:  Cannot modify header information - headers already sent by (output started at /data/html/hcmadras/header.php:31) in /data/html/hcmadras/config/dbconfig.php on line 21
[14-May-2026 11:35:38 Asia/Kolkata] PHP Warning:  ini_set() [<a href='0function.ini-set'>function.ini-set</a>]: Session ini settings cannot be changed after headers have already been sent in /data/html/hcmadras/config/dbconfig.php on line 22
[14-May-2026 11:35:38 Asia/Kolkata] PHP Warning:  ini_set() [<a href='0function.ini-set'>function.ini-set</a>]: Session ini settings cannot be changed after headers have already been sent in /data/html/hcmadras/config/dbconfig.php on line 23
[14-May-2026 11:35:38 Asia/Kolkata] PHP Warning:  ini_set() [<a href='0function.ini-set'>function.ini-set</a>]: Session ini settings cannot be changed after headers have already been sent in /data/html/hcmadras/config/dbconfig.php on line 24
[14-May-2026 11:35:38 Asia/Kolkata] PHP Deprecated:  uasort() [<a href='0function.uasort'>function.uasort</a>]: Returning bool from comparison function is deprecated, return an integer less than, equal to, or greater than zero in /data/html/hcmadras/menu.php on line 83
[14-May-2026 11:35:38 Asia/Kolkata] PHP Deprecated:  uasort() [<a href='0function.uasort'>function.uasort</a>]: Returning bool from comparison function is deprecated, return an integer less than, equal to, or greater than zero in /data/html/hcmadras/menu.php on line 90
[14-May-2026 11:35:38 Asia/Kolkata] PHP Deprecated:  uasort() [<a href='0function.uasort'>function.uasort</a>]: Returning bool from comparison function is deprecated, return an integer less than, equal to, or greater than zero in /data/html/hcmadras/menu.php on line 96
[14-May-2026 11:35:38 Asia/Kolkata] PHP Warning:  Undefined variable $no in /data/html/hcmadras/menu.php on line 164
[14-May-2026 11:35:38 Asia/Kolkata] PHP Warning:  Cannot modify header information - headers already sent by (output started at /data/html/hcmadras/header.php:31) in /data/html/hcmadras/config/dbconfig.php on line 5
[14-May-2026 11:35:38 Asia/Kolkata] PHP Warning:  Cannot modify header information - headers already sent by (output started at /data/html/hcmadras/header.php:31) in /data/html/hcmadras/config/dbconfig.php on line 6
[14-May-2026 11:35:38 Asia/Kolkata] PHP Warning:  Cannot modify header information - headers already sent by (output started at /data/html/hcmadras/header.php:31) in /data/html/hcmadras/config/dbconfig.php on line 7
[14-May-2026 11:35:38 Asia/Kolkata] PHP Warning:  Cannot modify header information - headers already sent by (output started at /data/html/hcmadras/header.php:31) in /data/html/hcmadras/config/dbconfig.php on line 8
[14-May-2026 11:35:38 Asia/Kolkata] PHP Warning:  Cannot modify header information - headers already sent by (output started at /data/html/hcmadras/header.php:31) in /data/html/hcmadras/config/dbconfig.php on line 9
[14-May-2026 11:35:38 Asia/Kolkata] PHP Warning:  Cannot modify header information - headers already sent by (output started at /data/html/hcmadras/header.php:31) in /data/html/hcmadras/config/dbconfig.php on line 10
[14-May-2026 11:35:38 Asia/Kolkata] PHP Warning:  Cannot modify header information - headers already sent by (output started at /data/html/hcmadras/header.php:31) in /data/html/hcmadras/config/dbconfig.php on line 11
[14-May-2026 11:35:38 Asia/Kolkata] PHP Warning:  Cannot modify header information - headers already sent by (output started at /data/html/hcmadras/header.php:31) in /data/html/hcmadras/config/dbconfig.php on line 21
[14-May-2026 11:35:38 Asia/Kolkata] PHP Warning:  ini_set() [<a href='0function.ini-set'>function.ini-set</a>]: Session ini settings cannot be changed after headers have already been sent in /data/html/hcmadras/config/dbconfig.php on line 22
[14-May-2026 11:35:38 Asia/Kolkata] PHP Warning:  ini_set() [<a href='0function.ini-set'>function.ini-set</a>]: Session ini settings cannot be changed after headers have already been sent in /data/html/hcmadras/config/dbconfig.php on line 23
[14-May-2026 11:35:38 Asia/Kolkata] PHP Warning:  ini_set() [<a href='0function.ini-set'>function.ini-set</a>]: Session ini settings cannot be changed after headers have already been sent in /data/html/hcmadras/config/dbconfig.php on line 24
[14-May-2026 11:35:38 Asia/Kolkata] PHP Deprecated:  uasort() [<a href='0function.uasort'>function.uasort</a>]: Returning bool from comparison function is deprecated, return an integer less than, equal to, or greater than zero in /data/html/hcmadras/menu_s.php on line 80
[14-May-2026 11:35:38 Asia/Kolkata] PHP Deprecated:  uasort() [<a href='0function.uasort'>function.uasort</a>]: Returning bool from comparison function is deprecated, return an integer less than, equal to, or greater than zero in /data/html/hcmadras/menu_s.php on line 87
[14-May-2026 11:35:38 Asia/Kolkata] PHP Deprecated:  uasort() [<a href='0function.uasort'>function.uasort</a>]: Returning bool from comparison function is deprecated, return an integer less than, equal to, or greater than zero in /data/html/hcmadras/menu_s.php on line 93
[14-May-2026 11:35:38 Asia/Kolkata] PHP Warning:  Undefined variable $no in /data/html/hcmadras/menu_s.php on line 150
[14-May-2026 11:35:38 Asia/Kolkata] PHP Warning:  Cannot modify header information - headers already sent by (output started at /data/html/hcmadras/header.php:31) in /data/html/hcmadras/config/dbconfig.php on line 5
[14-May-2026 11:35:38 Asia/Kolkata] PHP Warning:  Cannot modify header information - headers already sent by (output started at /data/html/hcmadras/header.php:31) in /data/html/hcmadras/config/dbconfig.php on line 6
[14-May-2026 11:35:38 Asia/Kolkata] PHP Warning:  Cannot modify header information - headers already sent by (output started at /data/html/hcmadras/header.php:31) in /data/html/hcmadras/config/dbconfig.php on line 7
[14-May-2026 11:35:38 Asia/Kolkata] PHP Warning:  Cannot modify header information - headers already sent by (output started at /data/html/hcmadras/header.php:31) in /data/html/hcmadras/config/dbconfig.php on line 8
[14-May-2026 11:35:38 Asia/Kolkata] PHP Warning:  Cannot modify header information - headers already sent by (output started at /data/html/hcmadras/header.php:31) in /data/html/hcmadras/config/dbconfig.php on line 9
[14-May-2026 11:35:38 Asia/Kolkata] PHP Warning:  Cannot modify header information - headers already sent by (output started at /data/html/hcmadras/header.php:31) in /data/html/hcmadras/config/dbconfig.php on line 10
[14-May-2026 11:35:38 Asia/Kolkata] PHP Warning:  Cannot modify header information - headers already sent by (output started at /data/html/hcmadras/header.php:31) in /data/html/hcmadras/config/dbconfig.php on line 11
[14-May-2026 11:35:38 Asia/Kolkata] PHP Warning:  Cannot modify header information - headers already sent by (output started at /data/html/hcmadras/header.php:31) in /data/html/hcmadras/config/dbconfig.php on line 21
[14-May-2026 11:35:38 Asia/Kolkata] PHP Warning:  ini_set() [<a href='0function.ini-set'>function.ini-set</a>]: Session ini settings cannot be changed after headers have already been sent in /data/html/hcmadras/config/dbconfig.php on line 22
[14-May-2026 11:35:38 Asia/Kolkata] PHP Warning:  ini_set() [<a href='0function.ini-set'>function.ini-set</a>]: Session ini settings cannot be changed after headers have already been sent in /data/html/hcmadras/config/dbconfig.php on line 23
[14-May-2026 11:35:38 Asia/Kolkata] PHP Warning:  ini_set() [<a href='0function.ini-set'>function.ini-set</a>]: Session ini settings cannot be changed after headers have already been sent in /data/html/hcmadras/config/dbconfig.php on line 24
[14-May-2026 11:35:38 Asia/Kolkata] PHP Warning:  Cannot modify header information - headers already sent by (output started at /data/html/hcmadras/header.php:31) in /data/html/hcmadras/config/dbconfig.php on line 5
[14-May-2026 11:35:38 Asia/Kolkata] PHP Warning:  Cannot modify header information - headers already sent by (output started at /data/html/hcmadras/header.php:31) in /data/html/hcmadras/config/dbconfig.php on line 6
[14-May-2026 11:35:38 Asia/Kolkata] PHP Warning:  Cannot modify header information - headers already sent by (output started at /data/html/hcmadras/header.php:31) in /data/html/hcmadras/config/dbconfig.php on line 7
[14-May-2026 11:35:38 Asia/Kolkata] PHP Warning:  Cannot modify header information - headers already sent by (output started at /data/html/hcmadras/header.php:31) in /data/html/hcmadras/config/dbconfig.php on line 8
[14-May-2026 11:35:38 Asia/Kolkata] PHP Warning:  Cannot modify header information - headers already sent by (output started at /data/html/hcmadras/header.php:31) in /data/html/hcmadras/config/dbconfig.php on line 9
[14-May-2026 11:35:38 Asia/Kolkata] PHP Warning:  Cannot modify header information - headers already sent by (output started at /data/html/hcmadras/header.php:31) in /data/html/hcmadras/config/dbconfig.php on line 10
[14-May-2026 11:35:38 Asia/Kolkata] PHP Warning:  Cannot modify header information - headers already sent by (output started at /data/html/hcmadras/header.php:31) in /data/html/hcmadras/config/dbconfig.php on line 11
[14-May-2026 11:35:38 Asia/Kolkata] PHP Warning:  Cannot modify header information - headers already sent by (output started at /data/html/hcmadras/header.php:31) in /data/html/hcmadras/config/dbconfig.php on line 21
[14-May-2026 11:35:38 Asia/Kolkata] PHP Warning:  ini_set() [<a href='0function.ini-set'>function.ini-set</a>]: Session ini settings cannot be changed after headers have already been sent in /data/html/hcmadras/config/dbconfig.php on line 22
[14-May-2026 11:35:38 Asia/Kolkata] PHP Warning:  ini_set() [<a href='0function.ini-set'>function.ini-set</a>]: Session ini settings cannot be changed after headers have already been sent in /data/html/hcmadras/config/dbconfig.php on line 23
[14-May-2026 11:35:38 Asia/Kolkata] PHP Warning:  ini_set() [<a href='0function.ini-set'>function.ini-set</a>]: Session ini settings cannot be changed after headers have already been sent in /data/html/hcmadras/config/dbconfig.php on line 24
Fatal Error: Array
(
    [type] => 2
    [message] => ini_set() [<a href='0function.ini-set'>function.ini-set</a>]: Session ini settings cannot be changed after headers have already been sent
    [file] => /data/html/hcmadras/config/dbconfig.php
    [line] => 24
)
[14-May-2026 11:43:20 Asia/Kolkata] PHP Warning:  ini_set(): Session ini settings cannot be changed when a session is active in /data/html/hcmadras/config/dbconfig.php on line 22
[14-May-2026 11:43:20 Asia/Kolkata] PHP Warning:  ini_set(): Session ini settings cannot be changed when a session is active in /data/html/hcmadras/config/dbconfig.php on line 23
[14-May-2026 11:43:20 Asia/Kolkata] PHP Warning:  ini_set(): Session ini settings cannot be changed when a session is active in /data/html/hcmadras/config/dbconfig.php on line 24
[14-May-2026 11:43:20 Asia/Kolkata] PHP Warning:  Cannot modify header information - headers already sent by (output started at /data/html/hcmadras/header.php:31) in /data/html/hcmadras/config/dbconfig.php on line 5
[14-May-2026 11:43:20 Asia/Kolkata] PHP Warning:  Cannot modify header information - headers already sent by (output started at /data/html/hcmadras/header.php:31) in /data/html/hcmadras/config/dbconfig.php on line 6
[14-May-2026 11:43:20 Asia/Kolkata] PHP Warning:  Cannot modify header information - headers already sent by (output started at /data/html/hcmadras/header.php:31) in /data/html/hcmadras/config/dbconfig.php on line 7
[14-May-2026 11:43:20 Asia/Kolkata] PHP Warning:  Cannot modify header information - headers already sent by (output started at /data/html/hcmadras/header.php:31) in /data/html/hcmadras/config/dbconfig.php on line 8
[14-May-2026 11:43:20 Asia/Kolkata] PHP Warning:  Cannot modify header information - headers already sent by (output started at /data/html/hcmadras/header.php:31) in /data/html/hcmadras/config/dbconfig.php on line 9
[14-May-2026 11:43:20 Asia/Kolkata] PHP Warning:  Cannot modify header information - headers already sent by (output started at /data/html/hcmadras/header.php:31) in /data/html/hcmadras/config/dbconfig.php on line 10
[14-May-2026 11:43:20 Asia/Kolkata] PHP Warning:  Cannot modify header information - headers already sent by (output started at /data/html/hcmadras/header.php:31) in /data/html/hcmadras/config/dbconfig.php on line 11
[14-May-2026 11:43:20 Asia/Kolkata] PHP Warning:  Cannot modify header information - headers already sent by (output started at /data/html/hcmadras/header.php:31) in /data/html/hcmadras/config/dbconfig.php on line 21
[14-May-2026 11:43:20 Asia/Kolkata] PHP Warning:  ini_set() [<a href='0function.ini-set'>function.ini-set</a>]: Session ini settings cannot be changed after headers have already been sent in /data/html/hcmadras/config/dbconfig.php on line 22
[14-May-2026 11:43:20 Asia/Kolkata] PHP Warning:  ini_set() [<a href='0function.ini-set'>function.ini-set</a>]: Session ini settings cannot be changed after headers have already been sent in /data/html/hcmadras/config/dbconfig.php on line 23
[14-May-2026 11:43:20 Asia/Kolkata] PHP Warning:  ini_set() [<a href='0function.ini-set'>function.ini-set</a>]: Session ini settings cannot be changed after headers have already been sent in /data/html/hcmadras/config/dbconfig.php on line 24
[14-May-2026 11:43:20 Asia/Kolkata] PHP Deprecated:  uasort() [<a href='0function.uasort'>function.uasort</a>]: Returning bool from comparison function is deprecated, return an integer less than, equal to, or greater than zero in /data/html/hcmadras/menu.php on line 83
[14-May-2026 11:43:20 Asia/Kolkata] PHP Deprecated:  uasort() [<a href='0function.uasort'>function.uasort</a>]: Returning bool from comparison function is deprecated, return an integer less than, equal to, or greater than zero in /data/html/hcmadras/menu.php on line 90
[14-May-2026 11:43:20 Asia/Kolkata] PHP Deprecated:  uasort() [<a href='0function.uasort'>function.uasort</a>]: Returning bool from comparison function is deprecated, return an integer less than, equal to, or greater than zero in /data/html/hcmadras/menu.php on line 96
[14-May-2026 11:43:20 Asia/Kolkata] PHP Warning:  Undefined variable $no in /data/html/hcmadras/menu.php on line 164
[14-May-2026 11:43:20 Asia/Kolkata] PHP Warning:  Cannot modify header information - headers already sent by (output started at /data/html/hcmadras/header.php:31) in /data/html/hcmadras/config/dbconfig.php on line 5
[14-May-2026 11:43:20 Asia/Kolkata] PHP Warning:  Cannot modify header information - headers already sent by (output started at /data/html/hcmadras/header.php:31) in /data/html/hcmadras/config/dbconfig.php on line 6
[14-May-2026 11:43:20 Asia/Kolkata] PHP Warning:  Cannot modify header information - headers already sent by (output started at /data/html/hcmadras/header.php:31) in /data/html/hcmadras/config/dbconfig.php on line 7
[14-May-2026 11:43:20 Asia/Kolkata] PHP Warning:  Cannot modify header information - headers already sent by (output started at /data/html/hcmadras/header.php:31) in /data/html/hcmadras/config/dbconfig.php on line 8
[14-May-2026 11:43:20 Asia/Kolkata] PHP Warning:  Cannot modify header information - headers already sent by (output started at /data/html/hcmadras/header.php:31) in /data/html/hcmadras/config/dbconfig.php on line 9
[14-May-2026 11:43:20 Asia/Kolkata] PHP Warning:  Cannot modify header information - headers already sent by (output started at /data/html/hcmadras/header.php:31) in /data/html/hcmadras/config/dbconfig.php on line 10
[14-May-2026 11:43:20 Asia/Kolkata] PHP Warning:  Cannot modify header information - headers already sent by (output started at /data/html/hcmadras/header.php:31) in /data/html/hcmadras/config/dbconfig.php on line 11
[14-May-2026 11:43:20 Asia/Kolkata] PHP Warning:  Cannot modify header information - headers already sent by (output started at /data/html/hcmadras/header.php:31) in /data/html/hcmadras/config/dbconfig.php on line 21
[14-May-2026 11:43:20 Asia/Kolkata] PHP Warning:  ini_set() [<a href='0function.ini-set'>function.ini-set</a>]: Session ini settings cannot be changed after headers have already been sent in /data/html/hcmadras/config/dbconfig.php on line 22
[14-May-2026 11:43:20 Asia/Kolkata] PHP Warning:  ini_set() [<a href='0function.ini-set'>function.ini-set</a>]: Session ini settings cannot be changed after headers have already been sent in /data/html/hcmadras/config/dbconfig.php on line 23
[14-May-2026 11:43:20 Asia/Kolkata] PHP Warning:  ini_set() [<a href='0function.ini-set'>function.ini-set</a>]: Session ini settings cannot be changed after headers have already been sent in /data/html/hcmadras/config/dbconfig.php on line 24
[14-May-2026 11:43:20 Asia/Kolkata] PHP Deprecated:  uasort() [<a href='0function.uasort'>function.uasort</a>]: Returning bool from comparison function is deprecated, return an integer less than, equal to, or greater than zero in /data/html/hcmadras/menu_s.php on line 80
[14-May-2026 11:43:20 Asia/Kolkata] PHP Deprecated:  uasort() [<a href='0function.uasort'>function.uasort</a>]: Returning bool from comparison function is deprecated, return an integer less than, equal to, or greater than zero in /data/html/hcmadras/menu_s.php on line 87
[14-May-2026 11:43:20 Asia/Kolkata] PHP Deprecated:  uasort() [<a href='0function.uasort'>function.uasort</a>]: Returning bool from comparison function is deprecated, return an integer less than, equal to, or greater than zero in /data/html/hcmadras/menu_s.php on line 93
[14-May-2026 11:43:20 Asia/Kolkata] PHP Warning:  Undefined variable $no in /data/html/hcmadras/menu_s.php on line 150
[14-May-2026 11:43:20 Asia/Kolkata] PHP Warning:  Cannot modify header information - headers already sent by (output started at /data/html/hcmadras/header.php:31) in /data/html/hcmadras/config/dbconfig.php on line 5
[14-May-2026 11:43:20 Asia/Kolkata] PHP Warning:  Cannot modify header information - headers already sent by (output started at /data/html/hcmadras/header.php:31) in /data/html/hcmadras/config/dbconfig.php on line 6
[14-May-2026 11:43:20 Asia/Kolkata] PHP Warning:  Cannot modify header information - headers already sent by (output started at /data/html/hcmadras/header.php:31) in /data/html/hcmadras/config/dbconfig.php on line 7
[14-May-2026 11:43:20 Asia/Kolkata] PHP Warning:  Cannot modify header information - headers already sent by (output started at /data/html/hcmadras/header.php:31) in /data/html/hcmadras/config/dbconfig.php on line 8
[14-May-2026 11:43:20 Asia/Kolkata] PHP Warning:  Cannot modify header information - headers already sent by (output started at /data/html/hcmadras/header.php:31) in /data/html/hcmadras/config/dbconfig.php on line 9
[14-May-2026 11:43:20 Asia/Kolkata] PHP Warning:  Cannot modify header information - headers already sent by (output started at /data/html/hcmadras/header.php:31) in /data/html/hcmadras/config/dbconfig.php on line 10
[14-May-2026 11:43:20 Asia/Kolkata] PHP Warning:  Cannot modify header information - headers already sent by (output started at /data/html/hcmadras/header.php:31) in /data/html/hcmadras/config/dbconfig.php on line 11
[14-May-2026 11:43:20 Asia/Kolkata] PHP Warning:  Cannot modify header information - headers already sent by (output started at /data/html/hcmadras/header.php:31) in /data/html/hcmadras/config/dbconfig.php on line 21
[14-May-2026 11:43:20 Asia/Kolkata] PHP Warning:  ini_set() [<a href='0function.ini-set'>function.ini-set</a>]: Session ini settings cannot be changed after headers have already been sent in /data/html/hcmadras/config/dbconfig.php on line 22
[14-May-2026 11:43:20 Asia/Kolkata] PHP Warning:  ini_set() [<a href='0function.ini-set'>function.ini-set</a>]: Session ini settings cannot be changed after headers have already been sent in /data/html/hcmadras/config/dbconfig.php on line 23
[14-May-2026 11:43:20 Asia/Kolkata] PHP Warning:  ini_set() [<a href='0function.ini-set'>function.ini-set</a>]: Session ini settings cannot be changed after headers have already been sent in /data/html/hcmadras/config/dbconfig.php on line 24
[14-May-2026 11:43:20 Asia/Kolkata] PHP Warning:  pg_prepare() [<a href='0function.pg-prepare'>function.pg-prepare</a>]: Query failed: ERROR:  prepared statement &quot;params&quot; already exists in /data/html/hcmadras/index_data.php on line 244
[14-May-2026 11:43:20 Asia/Kolkata] PHP Warning:  Cannot modify header information - headers already sent by (output started at /data/html/hcmadras/header.php:31) in /data/html/hcmadras/config/dbconfig.php on line 5
[14-May-2026 11:43:20 Asia/Kolkata] PHP Warning:  Cannot modify header information - headers already sent by (output started at /data/html/hcmadras/header.php:31) in /data/html/hcmadras/config/dbconfig.php on line 6
[14-May-2026 11:43:20 Asia/Kolkata] PHP Warning:  Cannot modify header information - headers already sent by (output started at /data/html/hcmadras/header.php:31) in /data/html/hcmadras/config/dbconfig.php on line 7
[14-May-2026 11:43:20 Asia/Kolkata] PHP Warning:  Cannot modify header information - headers already sent by (output started at /data/html/hcmadras/header.php:31) in /data/html/hcmadras/config/dbconfig.php on line 8
[14-May-2026 11:43:20 Asia/Kolkata] PHP Warning:  Cannot modify header information - headers already sent by (output started at /data/html/hcmadras/header.php:31) in /data/html/hcmadras/config/dbconfig.php on line 9
[14-May-2026 11:43:20 Asia/Kolkata] PHP Warning:  Cannot modify header information - headers already sent by (output started at /data/html/hcmadras/header.php:31) in /data/html/hcmadras/config/dbconfig.php on line 10
[14-May-2026 11:43:20 Asia/Kolkata] PHP Warning:  Cannot modify header information - headers already sent by (output started at /data/html/hcmadras/header.php:31) in /data/html/hcmadras/config/dbconfig.php on line 11
[14-May-2026 11:43:20 Asia/Kolkata] PHP Warning:  Cannot modify header information - headers already sent by (output started at /data/html/hcmadras/header.php:31) in /data/html/hcmadras/config/dbconfig.php on line 21
[14-May-2026 11:43:20 Asia/Kolkata] PHP Warning:  ini_set() [<a href='0function.ini-set'>function.ini-set</a>]: Session ini settings cannot be changed after headers have already been sent in /data/html/hcmadras/config/dbconfig.php on line 22
[14-May-2026 11:43:20 Asia/Kolkata] PHP Warning:  ini_set() [<a href='0function.ini-set'>function.ini-set</a>]: Session ini settings cannot be changed after headers have already been sent in /data/html/hcmadras/config/dbconfig.php on line 23
[14-May-2026 11:43:20 Asia/Kolkata] PHP Warning:  ini_set() [<a href='0function.ini-set'>function.ini-set</a>]: Session ini settings cannot be changed after headers have already been sent in /data/html/hcmadras/config/dbconfig.php on line 24
Fatal Error: Array
(
    [type] => 2
    [message] => ini_set() [<a href='0function.ini-set'>function.ini-set</a>]: Session ini settings cannot be changed after headers have already been sent
    [file] => /data/html/hcmadras/config/dbconfig.php
    [line] => 24
)
[14-May-2026 11:50:27 Asia/Kolkata] PHP Warning:  ini_set(): Session ini settings cannot be changed when a session is active in /data/html/hcmadras/config/dbconfig.php on line 22
[14-May-2026 11:50:27 Asia/Kolkata] PHP Warning:  ini_set(): Session ini settings cannot be changed when a session is active in /data/html/hcmadras/config/dbconfig.php on line 23
[14-May-2026 11:50:27 Asia/Kolkata] PHP Warning:  ini_set(): Session ini settings cannot be changed when a session is active in /data/html/hcmadras/config/dbconfig.php on line 24
[14-May-2026 11:50:27 Asia/Kolkata] PHP Warning:  Cannot modify header information - headers already sent by (output started at /data/html/hcmadras/header.php:31) in /data/html/hcmadras/config/dbconfig.php on line 5
[14-May-2026 11:50:27 Asia/Kolkata] PHP Warning:  Cannot modify header information - headers already sent by (output started at /data/html/hcmadras/header.php:31) in /data/html/hcmadras/config/dbconfig.php on line 6
[14-May-2026 11:50:27 Asia/Kolkata] PHP Warning:  Cannot modify header information - headers already sent by (output started at /data/html/hcmadras/header.php:31) in /data/html/hcmadras/config/dbconfig.php on line 7
[14-May-2026 11:50:27 Asia/Kolkata] PHP Warning:  Cannot modify header information - headers already sent by (output started at /data/html/hcmadras/header.php:31) in /data/html/hcmadras/config/dbconfig.php on line 8
[14-May-2026 11:50:27 Asia/Kolkata] PHP Warning:  Cannot modify header information - headers already sent by (output started at /data/html/hcmadras/header.php:31) in /data/html/hcmadras/config/dbconfig.php on line 9
[14-May-2026 11:50:27 Asia/Kolkata] PHP Warning:  Cannot modify header information - headers already sent by (output started at /data/html/hcmadras/header.php:31) in /data/html/hcmadras/config/dbconfig.php on line 10
[14-May-2026 11:50:27 Asia/Kolkata] PHP Warning:  Cannot modify header information - headers already sent by (output started at /data/html/hcmadras/header.php:31) in /data/html/hcmadras/config/dbconfig.php on line 11
[14-May-2026 11:50:27 Asia/Kolkata] PHP Warning:  Cannot modify header information - headers already sent by (output started at /data/html/hcmadras/header.php:31) in /data/html/hcmadras/config/dbconfig.php on line 21
[14-May-2026 11:50:27 Asia/Kolkata] PHP Warning:  ini_set() [<a href='0function.ini-set'>function.ini-set</a>]: Session ini settings cannot be changed after headers have already been sent in /data/html/hcmadras/config/dbconfig.php on line 22
[14-May-2026 11:50:27 Asia/Kolkata] PHP Warning:  ini_set() [<a href='0function.ini-set'>function.ini-set</a>]: Session ini settings cannot be changed after headers have already been sent in /data/html/hcmadras/config/dbconfig.php on line 23
[14-May-2026 11:50:27 Asia/Kolkata] PHP Warning:  ini_set() [<a href='0function.ini-set'>function.ini-set</a>]: Session ini settings cannot be changed after headers have already been sent in /data/html/hcmadras/config/dbconfig.php on line 24
[14-May-2026 11:50:27 Asia/Kolkata] PHP Deprecated:  uasort() [<a href='0function.uasort'>function.uasort</a>]: Returning bool from comparison function is deprecated, return an integer less than, equal to, or greater than zero in /data/html/hcmadras/menu.php on line 83
[14-May-2026 11:50:27 Asia/Kolkata] PHP Deprecated:  uasort() [<a href='0function.uasort'>function.uasort</a>]: Returning bool from comparison function is deprecated, return an integer less than, equal to, or greater than zero in /data/html/hcmadras/menu.php on line 90
[14-May-2026 11:50:27 Asia/Kolkata] PHP Deprecated:  uasort() [<a href='0function.uasort'>function.uasort</a>]: Returning bool from comparison function is deprecated, return an integer less than, equal to, or greater than zero in /data/html/hcmadras/menu.php on line 96
[14-May-2026 11:50:27 Asia/Kolkata] PHP Warning:  Undefined variable $no in /data/html/hcmadras/menu.php on line 164
[14-May-2026 11:50:27 Asia/Kolkata] PHP Warning:  Cannot modify header information - headers already sent by (output started at /data/html/hcmadras/header.php:31) in /data/html/hcmadras/config/dbconfig.php on line 5
[14-May-2026 11:50:27 Asia/Kolkata] PHP Warning:  Cannot modify header information - headers already sent by (output started at /data/html/hcmadras/header.php:31) in /data/html/hcmadras/config/dbconfig.php on line 6
[14-May-2026 11:50:27 Asia/Kolkata] PHP Warning:  Cannot modify header information - headers already sent by (output started at /data/html/hcmadras/header.php:31) in /data/html/hcmadras/config/dbconfig.php on line 7
[14-May-2026 11:50:27 Asia/Kolkata] PHP Warning:  Cannot modify header information - headers already sent by (output started at /data/html/hcmadras/header.php:31) in /data/html/hcmadras/config/dbconfig.php on line 8
[14-May-2026 11:50:27 Asia/Kolkata] PHP Warning:  Cannot modify header information - headers already sent by (output started at /data/html/hcmadras/header.php:31) in /data/html/hcmadras/config/dbconfig.php on line 9
[14-May-2026 11:50:27 Asia/Kolkata] PHP Warning:  Cannot modify header information - headers already sent by (output started at /data/html/hcmadras/header.php:31) in /data/html/hcmadras/config/dbconfig.php on line 10
[14-May-2026 11:50:27 Asia/Kolkata] PHP Warning:  Cannot modify header information - headers already sent by (output started at /data/html/hcmadras/header.php:31) in /data/html/hcmadras/config/dbconfig.php on line 11
[14-May-2026 11:50:27 Asia/Kolkata] PHP Warning:  Cannot modify header information - headers already sent by (output started at /data/html/hcmadras/header.php:31) in /data/html/hcmadras/config/dbconfig.php on line 21
[14-May-2026 11:50:27 Asia/Kolkata] PHP Warning:  ini_set() [<a href='0function.ini-set'>function.ini-set</a>]: Session ini settings cannot be changed after headers have already been sent in /data/html/hcmadras/config/dbconfig.php on line 22
[14-May-2026 11:50:27 Asia/Kolkata] PHP Warning:  ini_set() [<a href='0function.ini-set'>function.ini-set</a>]: Session ini settings cannot be changed after headers have already been sent in /data/html/hcmadras/config/dbconfig.php on line 23
[14-May-2026 11:50:27 Asia/Kolkata] PHP Warning:  ini_set() [<a href='0function.ini-set'>function.ini-set</a>]: Session ini settings cannot be changed after headers have already been sent in /data/html/hcmadras/config/dbconfig.php on line 24
[14-May-2026 11:50:27 Asia/Kolkata] PHP Deprecated:  uasort() [<a href='0function.uasort'>function.uasort</a>]: Returning bool from comparison function is deprecated, return an integer less than, equal to, or greater than zero in /data/html/hcmadras/menu_s.php on line 80
[14-May-2026 11:50:27 Asia/Kolkata] PHP Deprecated:  uasort() [<a href='0function.uasort'>function.uasort</a>]: Returning bool from comparison function is deprecated, return an integer less than, equal to, or greater than zero in /data/html/hcmadras/menu_s.php on line 87
[14-May-2026 11:50:27 Asia/Kolkata] PHP Deprecated:  uasort() [<a href='0function.uasort'>function.uasort</a>]: Returning bool from comparison function is deprecated, return an integer less than, equal to, or greater than zero in /data/html/hcmadras/menu_s.php on line 93
[14-May-2026 11:50:27 Asia/Kolkata] PHP Warning:  Undefined variable $no in /data/html/hcmadras/menu_s.php on line 150
[14-May-2026 11:50:27 Asia/Kolkata] PHP Warning:  Cannot modify header information - headers already sent by (output started at /data/html/hcmadras/header.php:31) in /data/html/hcmadras/config/dbconfig.php on line 5
[14-May-2026 11:50:27 Asia/Kolkata] PHP Warning:  Cannot modify header information - headers already sent by (output started at /data/html/hcmadras/header.php:31) in /data/html/hcmadras/config/dbconfig.php on line 6
[14-May-2026 11:50:27 Asia/Kolkata] PHP Warning:  Cannot modify header information - headers already sent by (output started at /data/html/hcmadras/header.php:31) in /data/html/hcmadras/config/dbconfig.php on line 7
[14-May-2026 11:50:27 Asia/Kolkata] PHP Warning:  Cannot modify header information - headers already sent by (output started at /data/html/hcmadras/header.php:31) in /data/html/hcmadras/config/dbconfig.php on line 8
[14-May-2026 11:50:27 Asia/Kolkata] PHP Warning:  Cannot modify header information - headers already sent by (output started at /data/html/hcmadras/header.php:31) in /data/html/hcmadras/config/dbconfig.php on line 9
[14-May-2026 11:50:27 Asia/Kolkata] PHP Warning:  Cannot modify header information - headers already sent by (output started at /data/html/hcmadras/header.php:31) in /data/html/hcmadras/config/dbconfig.php on line 10
[14-May-2026 11:50:27 Asia/Kolkata] PHP Warning:  Cannot modify header information - headers already sent by (output started at /data/html/hcmadras/header.php:31) in /data/html/hcmadras/config/dbconfig.php on line 11
[14-May-2026 11:50:27 Asia/Kolkata] PHP Warning:  Cannot modify header information - headers already sent by (output started at /data/html/hcmadras/header.php:31) in /data/html/hcmadras/config/dbconfig.php on line 21
[14-May-2026 11:50:27 Asia/Kolkata] PHP Warning:  ini_set() [<a href='0function.ini-set'>function.ini-set</a>]: Session ini settings cannot be changed after headers have already been sent in /data/html/hcmadras/config/dbconfig.php on line 22
[14-May-2026 11:50:27 Asia/Kolkata] PHP Warning:  ini_set() [<a href='0function.ini-set'>function.ini-set</a>]: Session ini settings cannot be changed after headers have already been sent in /data/html/hcmadras/config/dbconfig.php on line 23
[14-May-2026 11:50:27 Asia/Kolkata] PHP Warning:  ini_set() [<a href='0function.ini-set'>function.ini-set</a>]: Session ini settings cannot be changed after headers have already been sent in /data/html/hcmadras/config/dbconfig.php on line 24
[14-May-2026 11:50:28 Asia/Kolkata] PHP Warning:  Cannot modify header information - headers already sent by (output started at /data/html/hcmadras/header.php:31) in /data/html/hcmadras/config/dbconfig.php on line 5
[14-May-2026 11:50:28 Asia/Kolkata] PHP Warning:  Cannot modify header information - headers already sent by (output started at /data/html/hcmadras/header.php:31) in /data/html/hcmadras/config/dbconfig.php on line 6
[14-May-2026 11:50:28 Asia/Kolkata] PHP Warning:  Cannot modify header information - headers already sent by (output started at /data/html/hcmadras/header.php:31) in /data/html/hcmadras/config/dbconfig.php on line 7
[14-May-2026 11:50:28 Asia/Kolkata] PHP Warning:  Cannot modify header information - headers already sent by (output started at /data/html/hcmadras/header.php:31) in /data/html/hcmadras/config/dbconfig.php on line 8
[14-May-2026 11:50:28 Asia/Kolkata] PHP Warning:  Cannot modify header information - headers already sent by (output started at /data/html/hcmadras/header.php:31) in /data/html/hcmadras/config/dbconfig.php on line 9
[14-May-2026 11:50:28 Asia/Kolkata] PHP Warning:  Cannot modify header information - headers already sent by (output started at /data/html/hcmadras/header.php:31) in /data/html/hcmadras/config/dbconfig.php on line 10
[14-May-2026 11:50:28 Asia/Kolkata] PHP Warning:  Cannot modify header information - headers already sent by (output started at /data/html/hcmadras/header.php:31) in /data/html/hcmadras/config/dbconfig.php on line 11
[14-May-2026 11:50:28 Asia/Kolkata] PHP Warning:  Cannot modify header information - headers already sent by (output started at /data/html/hcmadras/header.php:31) in /data/html/hcmadras/config/dbconfig.php on line 21
[14-May-2026 11:50:28 Asia/Kolkata] PHP Warning:  ini_set() [<a href='0function.ini-set'>function.ini-set</a>]: Session ini settings cannot be changed after headers have already been sent in /data/html/hcmadras/config/dbconfig.php on line 22
[14-May-2026 11:50:28 Asia/Kolkata] PHP Warning:  ini_set() [<a href='0function.ini-set'>function.ini-set</a>]: Session ini settings cannot be changed after headers have already been sent in /data/html/hcmadras/config/dbconfig.php on line 23
[14-May-2026 11:50:28 Asia/Kolkata] PHP Warning:  ini_set() [<a href='0function.ini-set'>function.ini-set</a>]: Session ini settings cannot be changed after headers have already been sent in /data/html/hcmadras/config/dbconfig.php on line 24
Fatal Error: Array
(
    [type] => 2
    [message] => ini_set() [<a href='0function.ini-set'>function.ini-set</a>]: Session ini settings cannot be changed after headers have already been sent
    [file] => /data/html/hcmadras/config/dbconfig.php
    [line] => 24
)
[14-May-2026 12:13:44 Asia/Kolkata] PHP Warning:  ini_set(): Session ini settings cannot be changed when a session is active in /data/html/hcmadras/config/dbconfig.php on line 22
[14-May-2026 12:13:44 Asia/Kolkata] PHP Warning:  ini_set(): Session ini settings cannot be changed when a session is active in /data/html/hcmadras/config/dbconfig.php on line 23
[14-May-2026 12:13:44 Asia/Kolkata] PHP Warning:  ini_set(): Session ini settings cannot be changed when a session is active in /data/html/hcmadras/config/dbconfig.php on line 24
[14-May-2026 12:13:44 Asia/Kolkata] PHP Warning:  pg_pconnect() [<a href='0function.pg-pconnect'>function.pg-pconnect</a>]: Unable to connect to PostgreSQL server: connection to server at &quot;10.236.255.28&quot;, port 5432 failed: Connection refused
	Is the server running on that host and accepting TCP/IP connections? in /data/html/hcmadras/config/dbconfig.php on line 35
[14-May-2026 12:13:44 Asia/Kolkata] PHP Warning:  Undefined variable $DB_con in /data/html/hcmadras/header.php on line 15
[14-May-2026 12:13:44 Asia/Kolkata] PHP Fatal error:  Uncaught Error: Call to a member function prepare() on null in /data/html/hcmadras/header.php:15
Stack trace:
#0 /data/html/hcmadras/index_12.php(13): include()
#1 {main}
  thrown in /data/html/hcmadras/header.php on line 15
Fatal Error: Array
(
    [type] => 1
    [message] => Uncaught Error: Call to a member function prepare() on null in /data/html/hcmadras/header.php:15
Stack trace:
#0 /data/html/hcmadras/index_12.php(13): include()
#1 {main}
  thrown
    [file] => /data/html/hcmadras/header.php
    [line] => 15
)
[14-May-2026 12:13:47 Asia/Kolkata] PHP Warning:  ini_set(): Session ini settings cannot be changed when a session is active in /data/html/hcmadras/config/dbconfig.php on line 22
[14-May-2026 12:13:47 Asia/Kolkata] PHP Warning:  ini_set(): Session ini settings cannot be changed when a session is active in /data/html/hcmadras/config/dbconfig.php on line 23
[14-May-2026 12:13:47 Asia/Kolkata] PHP Warning:  ini_set(): Session ini settings cannot be changed when a session is active in /data/html/hcmadras/config/dbconfig.php on line 24
[14-May-2026 12:13:47 Asia/Kolkata] PHP Warning:  pg_pconnect() [<a href='0function.pg-pconnect'>function.pg-pconnect</a>]: Unable to connect to PostgreSQL server: connection to server at &quot;10.236.255.28&quot;, port 5432 failed: Connection refused
	Is the server running on that host and accepting TCP/IP connections? in /data/html/hcmadras/config/dbconfig.php on line 35
[14-May-2026 12:13:47 Asia/Kolkata] PHP Warning:  Undefined variable $DB_con in /data/html/hcmadras/header.php on line 15
[14-May-2026 12:13:47 Asia/Kolkata] PHP Fatal error:  Uncaught Error: Call to a member function prepare() on null in /data/html/hcmadras/header.php:15
Stack trace:
#0 /data/html/hcmadras/index_12.php(13): include()
#1 {main}
  thrown in /data/html/hcmadras/header.php on line 15
Fatal Error: Array
(
    [type] => 1
    [message] => Uncaught Error: Call to a member function prepare() on null in /data/html/hcmadras/header.php:15
Stack trace:
#0 /data/html/hcmadras/index_12.php(13): include()
#1 {main}
  thrown
    [file] => /data/html/hcmadras/header.php
    [line] => 15
)
[14-May-2026 12:19:38 Asia/Kolkata] PHP Warning:  ini_set(): Session ini settings cannot be changed when a session is active in /data/html/hcmadras/config/dbconfig.php on line 22
[14-May-2026 12:19:38 Asia/Kolkata] PHP Warning:  ini_set(): Session ini settings cannot be changed when a session is active in /data/html/hcmadras/config/dbconfig.php on line 23
[14-May-2026 12:19:38 Asia/Kolkata] PHP Warning:  ini_set(): Session ini settings cannot be changed when a session is active in /data/html/hcmadras/config/dbconfig.php on line 24
[14-May-2026 12:19:39 Asia/Kolkata] PHP Warning:  Cannot modify header information - headers already sent by (output started at /data/html/hcmadras/header.php:31) in /data/html/hcmadras/config/dbconfig.php on line 5
[14-May-2026 12:19:39 Asia/Kolkata] PHP Warning:  Cannot modify header information - headers already sent by (output started at /data/html/hcmadras/header.php:31) in /data/html/hcmadras/config/dbconfig.php on line 6
[14-May-2026 12:19:39 Asia/Kolkata] PHP Warning:  Cannot modify header information - headers already sent by (output started at /data/html/hcmadras/header.php:31) in /data/html/hcmadras/config/dbconfig.php on line 7
[14-May-2026 12:19:39 Asia/Kolkata] PHP Warning:  Cannot modify header information - headers already sent by (output started at /data/html/hcmadras/header.php:31) in /data/html/hcmadras/config/dbconfig.php on line 8
[14-May-2026 12:19:39 Asia/Kolkata] PHP Warning:  Cannot modify header information - headers already sent by (output started at /data/html/hcmadras/header.php:31) in /data/html/hcmadras/config/dbconfig.php on line 9
[14-May-2026 12:19:39 Asia/Kolkata] PHP Warning:  Cannot modify header information - headers already sent by (output started at /data/html/hcmadras/header.php:31) in /data/html/hcmadras/config/dbconfig.php on line 10
[14-May-2026 12:19:39 Asia/Kolkata] PHP Warning:  Cannot modify header information - headers already sent by (output started at /data/html/hcmadras/header.php:31) in /data/html/hcmadras/config/dbconfig.php on line 11
[14-May-2026 12:19:39 Asia/Kolkata] PHP Warning:  Cannot modify header information - headers already sent by (output started at /data/html/hcmadras/header.php:31) in /data/html/hcmadras/config/dbconfig.php on line 21
[14-May-2026 12:19:39 Asia/Kolkata] PHP Warning:  ini_set() [<a href='0function.ini-set'>function.ini-set</a>]: Session ini settings cannot be changed after headers have already been sent in /data/html/hcmadras/config/dbconfig.php on line 22
[14-May-2026 12:19:39 Asia/Kolkata] PHP Warning:  ini_set() [<a href='0function.ini-set'>function.ini-set</a>]: Session ini settings cannot be changed after headers have already been sent in /data/html/hcmadras/config/dbconfig.php on line 23
[14-May-2026 12:19:39 Asia/Kolkata] PHP Warning:  ini_set() [<a href='0function.ini-set'>function.ini-set</a>]: Session ini settings cannot be changed after headers have already been sent in /data/html/hcmadras/config/dbconfig.php on line 24
[14-May-2026 12:19:39 Asia/Kolkata] PHP Deprecated:  uasort() [<a href='0function.uasort'>function.uasort</a>]: Returning bool from comparison function is deprecated, return an integer less than, equal to, or greater than zero in /data/html/hcmadras/menu.php on line 83
[14-May-2026 12:19:39 Asia/Kolkata] PHP Deprecated:  uasort() [<a href='0function.uasort'>function.uasort</a>]: Returning bool from comparison function is deprecated, return an integer less than, equal to, or greater than zero in /data/html/hcmadras/menu.php on line 90
[14-May-2026 12:19:39 Asia/Kolkata] PHP Deprecated:  uasort() [<a href='0function.uasort'>function.uasort</a>]: Returning bool from comparison function is deprecated, return an integer less than, equal to, or greater than zero in /data/html/hcmadras/menu.php on line 96
[14-May-2026 12:19:39 Asia/Kolkata] PHP Warning:  Undefined variable $no in /data/html/hcmadras/menu.php on line 164
[14-May-2026 12:19:39 Asia/Kolkata] PHP Warning:  Cannot modify header information - headers already sent by (output started at /data/html/hcmadras/header.php:31) in /data/html/hcmadras/config/dbconfig.php on line 5
[14-May-2026 12:19:39 Asia/Kolkata] PHP Warning:  Cannot modify header information - headers already sent by (output started at /data/html/hcmadras/header.php:31) in /data/html/hcmadras/config/dbconfig.php on line 6
[14-May-2026 12:19:39 Asia/Kolkata] PHP Warning:  Cannot modify header information - headers already sent by (output started at /data/html/hcmadras/header.php:31) in /data/html/hcmadras/config/dbconfig.php on line 7
[14-May-2026 12:19:39 Asia/Kolkata] PHP Warning:  Cannot modify header information - headers already sent by (output started at /data/html/hcmadras/header.php:31) in /data/html/hcmadras/config/dbconfig.php on line 8
[14-May-2026 12:19:39 Asia/Kolkata] PHP Warning:  Cannot modify header information - headers already sent by (output started at /data/html/hcmadras/header.php:31) in /data/html/hcmadras/config/dbconfig.php on line 9
[14-May-2026 12:19:39 Asia/Kolkata] PHP Warning:  Cannot modify header information - headers already sent by (output started at /data/html/hcmadras/header.php:31) in /data/html/hcmadras/config/dbconfig.php on line 10
[14-May-2026 12:19:39 Asia/Kolkata] PHP Warning:  Cannot modify header information - headers already sent by (output started at /data/html/hcmadras/header.php:31) in /data/html/hcmadras/config/dbconfig.php on line 11
[14-May-2026 12:19:39 Asia/Kolkata] PHP Warning:  Cannot modify header information - headers already sent by (output started at /data/html/hcmadras/header.php:31) in /data/html/hcmadras/config/dbconfig.php on line 21
[14-May-2026 12:19:39 Asia/Kolkata] PHP Warning:  ini_set() [<a href='0function.ini-set'>function.ini-set</a>]: Session ini settings cannot be changed after headers have already been sent in /data/html/hcmadras/config/dbconfig.php on line 22
[14-May-2026 12:19:39 Asia/Kolkata] PHP Warning:  ini_set() [<a href='0function.ini-set'>function.ini-set</a>]: Session ini settings cannot be changed after headers have already been sent in /data/html/hcmadras/config/dbconfig.php on line 23
[14-May-2026 12:19:39 Asia/Kolkata] PHP Warning:  ini_set() [<a href='0function.ini-set'>function.ini-set</a>]: Session ini settings cannot be changed after headers have already been sent in /data/html/hcmadras/config/dbconfig.php on line 24
[14-May-2026 12:19:39 Asia/Kolkata] PHP Deprecated:  uasort() [<a href='0function.uasort'>function.uasort</a>]: Returning bool from comparison function is deprecated, return an integer less than, equal to, or greater than zero in /data/html/hcmadras/menu_s.php on line 80
[14-May-2026 12:19:39 Asia/Kolkata] PHP Deprecated:  uasort() [<a href='0function.uasort'>function.uasort</a>]: Returning bool from comparison function is deprecated, return an integer less than, equal to, or greater than zero in /data/html/hcmadras/menu_s.php on line 87
[14-May-2026 12:19:39 Asia/Kolkata] PHP Deprecated:  uasort() [<a href='0function.uasort'>function.uasort</a>]: Returning bool from comparison function is deprecated, return an integer less than, equal to, or greater than zero in /data/html/hcmadras/menu_s.php on line 93
[14-May-2026 12:19:39 Asia/Kolkata] PHP Warning:  Undefined variable $no in /data/html/hcmadras/menu_s.php on line 150
[14-May-2026 12:19:39 Asia/Kolkata] PHP Warning:  Cannot modify header information - headers already sent by (output started at /data/html/hcmadras/header.php:31) in /data/html/hcmadras/config/dbconfig.php on line 5
[14-May-2026 12:19:39 Asia/Kolkata] PHP Warning:  Cannot modify header information - headers already sent by (output started at /data/html/hcmadras/header.php:31) in /data/html/hcmadras/config/dbconfig.php on line 6
[14-May-2026 12:19:39 Asia/Kolkata] PHP Warning:  Cannot modify header information - headers already sent by (output started at /data/html/hcmadras/header.php:31) in /data/html/hcmadras/config/dbconfig.php on line 7
[14-May-2026 12:19:39 Asia/Kolkata] PHP Warning:  Cannot modify header information - headers already sent by (output started at /data/html/hcmadras/header.php:31) in /data/html/hcmadras/config/dbconfig.php on line 8
[14-May-2026 12:19:39 Asia/Kolkata] PHP Warning:  Cannot modify header information - headers already sent by (output started at /data/html/hcmadras/header.php:31) in /data/html/hcmadras/config/dbconfig.php on line 9
[14-May-2026 12:19:39 Asia/Kolkata] PHP Warning:  Cannot modify header information - headers already sent by (output started at /data/html/hcmadras/header.php:31) in /data/html/hcmadras/config/dbconfig.php on line 10
[14-May-2026 12:19:39 Asia/Kolkata] PHP Warning:  Cannot modify header information - headers already sent by (output started at /data/html/hcmadras/header.php:31) in /data/html/hcmadras/config/dbconfig.php on line 11
[14-May-2026 12:19:39 Asia/Kolkata] PHP Warning:  Cannot modify header information - headers already sent by (output started at /data/html/hcmadras/header.php:31) in /data/html/hcmadras/config/dbconfig.php on line 21
[14-May-2026 12:19:39 Asia/Kolkata] PHP Warning:  ini_set() [<a href='0function.ini-set'>function.ini-set</a>]: Session ini settings cannot be changed after headers have already been sent in /data/html/hcmadras/config/dbconfig.php on line 22
[14-May-2026 12:19:39 Asia/Kolkata] PHP Warning:  ini_set() [<a href='0function.ini-set'>function.ini-set</a>]: Session ini settings cannot be changed after headers have already been sent in /data/html/hcmadras/config/dbconfig.php on line 23
[14-May-2026 12:19:39 Asia/Kolkata] PHP Warning:  ini_set() [<a href='0function.ini-set'>function.ini-set</a>]: Session ini settings cannot be changed after headers have already been sent in /data/html/hcmadras/config/dbconfig.php on line 24
[14-May-2026 12:19:39 Asia/Kolkata] PHP Warning:  Cannot modify header information - headers already sent by (output started at /data/html/hcmadras/header.php:31) in /data/html/hcmadras/config/dbconfig.php on line 5
[14-May-2026 12:19:39 Asia/Kolkata] PHP Warning:  Cannot modify header information - headers already sent by (output started at /data/html/hcmadras/header.php:31) in /data/html/hcmadras/config/dbconfig.php on line 6
[14-May-2026 12:19:39 Asia/Kolkata] PHP Warning:  Cannot modify header information - headers already sent by (output started at /data/html/hcmadras/header.php:31) in /data/html/hcmadras/config/dbconfig.php on line 7
[14-May-2026 12:19:39 Asia/Kolkata] PHP Warning:  Cannot modify header information - headers already sent by (output started at /data/html/hcmadras/header.php:31) in /data/html/hcmadras/config/dbconfig.php on line 8
[14-May-2026 12:19:39 Asia/Kolkata] PHP Warning:  Cannot modify header information - headers already sent by (output started at /data/html/hcmadras/header.php:31) in /data/html/hcmadras/config/dbconfig.php on line 9
[14-May-2026 12:19:39 Asia/Kolkata] PHP Warning:  Cannot modify header information - headers already sent by (output started at /data/html/hcmadras/header.php:31) in /data/html/hcmadras/config/dbconfig.php on line 10
[14-May-2026 12:19:39 Asia/Kolkata] PHP Warning:  Cannot modify header information - headers already sent by (output started at /data/html/hcmadras/header.php:31) in /data/html/hcmadras/config/dbconfig.php on line 11
[14-May-2026 12:19:39 Asia/Kolkata] PHP Warning:  Cannot modify header information - headers already sent by (output started at /data/html/hcmadras/header.php:31) in /data/html/hcmadras/config/dbconfig.php on line 21
[14-May-2026 12:19:39 Asia/Kolkata] PHP Warning:  ini_set() [<a href='0function.ini-set'>function.ini-set</a>]: Session ini settings cannot be changed after headers have already been sent in /data/html/hcmadras/config/dbconfig.php on line 22
[14-May-2026 12:19:39 Asia/Kolkata] PHP Warning:  ini_set() [<a href='0function.ini-set'>function.ini-set</a>]: Session ini settings cannot be changed after headers have already been sent in /data/html/hcmadras/config/dbconfig.php on line 23
[14-May-2026 12:19:39 Asia/Kolkata] PHP Warning:  ini_set() [<a href='0function.ini-set'>function.ini-set</a>]: Session ini settings cannot be changed after headers have already been sent in /data/html/hcmadras/config/dbconfig.php on line 24
Fatal Error: Array
(
    [type] => 2
    [message] => ini_set() [<a href='0function.ini-set'>function.ini-set</a>]: Session ini settings cannot be changed after headers have already been sent
    [file] => /data/html/hcmadras/config/dbconfig.php
    [line] => 24
)
[14-May-2026 12:21:11 Asia/Kolkata] PHP Warning:  ini_set(): Session ini settings cannot be changed when a session is active in /data/html/hcmadras/config/dbconfig.php on line 22
[14-May-2026 12:21:11 Asia/Kolkata] PHP Warning:  ini_set(): Session ini settings cannot be changed when a session is active in /data/html/hcmadras/config/dbconfig.php on line 23
[14-May-2026 12:21:11 Asia/Kolkata] PHP Warning:  ini_set(): Session ini settings cannot be changed when a session is active in /data/html/hcmadras/config/dbconfig.php on line 24
[14-May-2026 12:21:11 Asia/Kolkata] PHP Warning:  Cannot modify header information - headers already sent by (output started at /data/html/hcmadras/header.php:31) in /data/html/hcmadras/config/dbconfig.php on line 5
[14-May-2026 12:21:11 Asia/Kolkata] PHP Warning:  Cannot modify header information - headers already sent by (output started at /data/html/hcmadras/header.php:31) in /data/html/hcmadras/config/dbconfig.php on line 6
[14-May-2026 12:21:11 Asia/Kolkata] PHP Warning:  Cannot modify header information - headers already sent by (output started at /data/html/hcmadras/header.php:31) in /data/html/hcmadras/config/dbconfig.php on line 7
[14-May-2026 12:21:11 Asia/Kolkata] PHP Warning:  Cannot modify header information - headers already sent by (output started at /data/html/hcmadras/header.php:31) in /data/html/hcmadras/config/dbconfig.php on line 8
[14-May-2026 12:21:11 Asia/Kolkata] PHP Warning:  Cannot modify header information - headers already sent by (output started at /data/html/hcmadras/header.php:31) in /data/html/hcmadras/config/dbconfig.php on line 9
[14-May-2026 12:21:11 Asia/Kolkata] PHP Warning:  Cannot modify header information - headers already sent by (output started at /data/html/hcmadras/header.php:31) in /data/html/hcmadras/config/dbconfig.php on line 10
[14-May-2026 12:21:11 Asia/Kolkata] PHP Warning:  Cannot modify header information - headers already sent by (output started at /data/html/hcmadras/header.php:31) in /data/html/hcmadras/config/dbconfig.php on line 11
[14-May-2026 12:21:11 Asia/Kolkata] PHP Warning:  Cannot modify header information - headers already sent by (output started at /data/html/hcmadras/header.php:31) in /data/html/hcmadras/config/dbconfig.php on line 21
[14-May-2026 12:21:11 Asia/Kolkata] PHP Warning:  ini_set() [<a href='0function.ini-set'>function.ini-set</a>]: Session ini settings cannot be changed after headers have already been sent in /data/html/hcmadras/config/dbconfig.php on line 22
[14-May-2026 12:21:11 Asia/Kolkata] PHP Warning:  ini_set() [<a href='0function.ini-set'>function.ini-set</a>]: Session ini settings cannot be changed after headers have already been sent in /data/html/hcmadras/config/dbconfig.php on line 23
[14-May-2026 12:21:11 Asia/Kolkata] PHP Warning:  ini_set() [<a href='0function.ini-set'>function.ini-set</a>]: Session ini settings cannot be changed after headers have already been sent in /data/html/hcmadras/config/dbconfig.php on line 24
[14-May-2026 12:21:11 Asia/Kolkata] PHP Deprecated:  uasort() [<a href='0function.uasort'>function.uasort</a>]: Returning bool from comparison function is deprecated, return an integer less than, equal to, or greater than zero in /data/html/hcmadras/menu.php on line 83
[14-May-2026 12:21:11 Asia/Kolkata] PHP Deprecated:  uasort() [<a href='0function.uasort'>function.uasort</a>]: Returning bool from comparison function is deprecated, return an integer less than, equal to, or greater than zero in /data/html/hcmadras/menu.php on line 90
[14-May-2026 12:21:11 Asia/Kolkata] PHP Deprecated:  uasort() [<a href='0function.uasort'>function.uasort</a>]: Returning bool from comparison function is deprecated, return an integer less than, equal to, or greater than zero in /data/html/hcmadras/menu.php on line 96
[14-May-2026 12:21:11 Asia/Kolkata] PHP Warning:  Undefined variable $no in /data/html/hcmadras/menu.php on line 164
[14-May-2026 12:21:11 Asia/Kolkata] PHP Warning:  Cannot modify header information - headers already sent by (output started at /data/html/hcmadras/header.php:31) in /data/html/hcmadras/config/dbconfig.php on line 5
[14-May-2026 12:21:11 Asia/Kolkata] PHP Warning:  Cannot modify header information - headers already sent by (output started at /data/html/hcmadras/header.php:31) in /data/html/hcmadras/config/dbconfig.php on line 6
[14-May-2026 12:21:11 Asia/Kolkata] PHP Warning:  Cannot modify header information - headers already sent by (output started at /data/html/hcmadras/header.php:31) in /data/html/hcmadras/config/dbconfig.php on line 7
[14-May-2026 12:21:11 Asia/Kolkata] PHP Warning:  Cannot modify header information - headers already sent by (output started at /data/html/hcmadras/header.php:31) in /data/html/hcmadras/config/dbconfig.php on line 8
[14-May-2026 12:21:11 Asia/Kolkata] PHP Warning:  Cannot modify header information - headers already sent by (output started at /data/html/hcmadras/header.php:31) in /data/html/hcmadras/config/dbconfig.php on line 9
[14-May-2026 12:21:11 Asia/Kolkata] PHP Warning:  Cannot modify header information - headers already sent by (output started at /data/html/hcmadras/header.php:31) in /data/html/hcmadras/config/dbconfig.php on line 10
[14-May-2026 12:21:11 Asia/Kolkata] PHP Warning:  Cannot modify header information - headers already sent by (output started at /data/html/hcmadras/header.php:31) in /data/html/hcmadras/config/dbconfig.php on line 11
[14-May-2026 12:21:11 Asia/Kolkata] PHP Warning:  Cannot modify header information - headers already sent by (output started at /data/html/hcmadras/header.php:31) in /data/html/hcmadras/config/dbconfig.php on line 21
[14-May-2026 12:21:11 Asia/Kolkata] PHP Warning:  ini_set() [<a href='0function.ini-set'>function.ini-set</a>]: Session ini settings cannot be changed after headers have already been sent in /data/html/hcmadras/config/dbconfig.php on line 22
[14-May-2026 12:21:11 Asia/Kolkata] PHP Warning:  ini_set() [<a href='0function.ini-set'>function.ini-set</a>]: Session ini settings cannot be changed after headers have already been sent in /data/html/hcmadras/config/dbconfig.php on line 23
[14-May-2026 12:21:11 Asia/Kolkata] PHP Warning:  ini_set() [<a href='0function.ini-set'>function.ini-set</a>]: Session ini settings cannot be changed after headers have already been sent in /data/html/hcmadras/config/dbconfig.php on line 24
[14-May-2026 12:21:11 Asia/Kolkata] PHP Deprecated:  uasort() [<a href='0function.uasort'>function.uasort</a>]: Returning bool from comparison function is deprecated, return an integer less than, equal to, or greater than zero in /data/html/hcmadras/menu_s.php on line 80
[14-May-2026 12:21:11 Asia/Kolkata] PHP Deprecated:  uasort() [<a href='0function.uasort'>function.uasort</a>]: Returning bool from comparison function is deprecated, return an integer less than, equal to, or greater than zero in /data/html/hcmadras/menu_s.php on line 87
[14-May-2026 12:21:11 Asia/Kolkata] PHP Deprecated:  uasort() [<a href='0function.uasort'>function.uasort</a>]: Returning bool from comparison function is deprecated, return an integer less than, equal to, or greater than zero in /data/html/hcmadras/menu_s.php on line 93
[14-May-2026 12:21:11 Asia/Kolkata] PHP Warning:  Undefined variable $no in /data/html/hcmadras/menu_s.php on line 150
[14-May-2026 12:21:11 Asia/Kolkata] PHP Warning:  Cannot modify header information - headers already sent by (output started at /data/html/hcmadras/header.php:31) in /data/html/hcmadras/config/dbconfig.php on line 5
[14-May-2026 12:21:11 Asia/Kolkata] PHP Warning:  Cannot modify header information - headers already sent by (output started at /data/html/hcmadras/header.php:31) in /data/html/hcmadras/config/dbconfig.php on line 6
[14-May-2026 12:21:11 Asia/Kolkata] PHP Warning:  Cannot modify header information - headers already sent by (output started at /data/html/hcmadras/header.php:31) in /data/html/hcmadras/config/dbconfig.php on line 7
[14-May-2026 12:21:11 Asia/Kolkata] PHP Warning:  Cannot modify header information - headers already sent by (output started at /data/html/hcmadras/header.php:31) in /data/html/hcmadras/config/dbconfig.php on line 8
[14-May-2026 12:21:11 Asia/Kolkata] PHP Warning:  Cannot modify header information - headers already sent by (output started at /data/html/hcmadras/header.php:31) in /data/html/hcmadras/config/dbconfig.php on line 9
[14-May-2026 12:21:11 Asia/Kolkata] PHP Warning:  Cannot modify header information - headers already sent by (output started at /data/html/hcmadras/header.php:31) in /data/html/hcmadras/config/dbconfig.php on line 10
[14-May-2026 12:21:11 Asia/Kolkata] PHP Warning:  Cannot modify header information - headers already sent by (output started at /data/html/hcmadras/header.php:31) in /data/html/hcmadras/config/dbconfig.php on line 11
[14-May-2026 12:21:11 Asia/Kolkata] PHP Warning:  Cannot modify header information - headers already sent by (output started at /data/html/hcmadras/header.php:31) in /data/html/hcmadras/config/dbconfig.php on line 21
[14-May-2026 12:21:11 Asia/Kolkata] PHP Warning:  ini_set() [<a href='0function.ini-set'>function.ini-set</a>]: Session ini settings cannot be changed after headers have already been sent in /data/html/hcmadras/config/dbconfig.php on line 22
[14-May-2026 12:21:11 Asia/Kolkata] PHP Warning:  ini_set() [<a href='0function.ini-set'>function.ini-set</a>]: Session ini settings cannot be changed after headers have already been sent in /data/html/hcmadras/config/dbconfig.php on line 23
[14-May-2026 12:21:11 Asia/Kolkata] PHP Warning:  ini_set() [<a href='0function.ini-set'>function.ini-set</a>]: Session ini settings cannot be changed after headers have already been sent in /data/html/hcmadras/config/dbconfig.php on line 24
[14-May-2026 12:21:11 Asia/Kolkata] PHP Warning:  Cannot modify header information - headers already sent by (output started at /data/html/hcmadras/header.php:31) in /data/html/hcmadras/config/dbconfig.php on line 5
[14-May-2026 12:21:11 Asia/Kolkata] PHP Warning:  Cannot modify header information - headers already sent by (output started at /data/html/hcmadras/header.php:31) in /data/html/hcmadras/config/dbconfig.php on line 6
[14-May-2026 12:21:11 Asia/Kolkata] PHP Warning:  Cannot modify header information - headers already sent by (output started at /data/html/hcmadras/header.php:31) in /data/html/hcmadras/config/dbconfig.php on line 7
[14-May-2026 12:21:11 Asia/Kolkata] PHP Warning:  Cannot modify header information - headers already sent by (output started at /data/html/hcmadras/header.php:31) in /data/html/hcmadras/config/dbconfig.php on line 8
[14-May-2026 12:21:11 Asia/Kolkata] PHP Warning:  Cannot modify header information - headers already sent by (output started at /data/html/hcmadras/header.php:31) in /data/html/hcmadras/config/dbconfig.php on line 9
[14-May-2026 12:21:11 Asia/Kolkata] PHP Warning:  Cannot modify header information - headers already sent by (output started at /data/html/hcmadras/header.php:31) in /data/html/hcmadras/config/dbconfig.php on line 10
[14-May-2026 12:21:11 Asia/Kolkata] PHP Warning:  Cannot modify header information - headers already sent by (output started at /data/html/hcmadras/header.php:31) in /data/html/hcmadras/config/dbconfig.php on line 11
[14-May-2026 12:21:11 Asia/Kolkata] PHP Warning:  Cannot modify header information - headers already sent by (output started at /data/html/hcmadras/header.php:31) in /data/html/hcmadras/config/dbconfig.php on line 21
[14-May-2026 12:21:11 Asia/Kolkata] PHP Warning:  ini_set() [<a href='0function.ini-set'>function.ini-set</a>]: Session ini settings cannot be changed after headers have already been sent in /data/html/hcmadras/config/dbconfig.php on line 22
[14-May-2026 12:21:11 Asia/Kolkata] PHP Warning:  ini_set() [<a href='0function.ini-set'>function.ini-set</a>]: Session ini settings cannot be changed after headers have already been sent in /data/html/hcmadras/config/dbconfig.php on line 23
[14-May-2026 12:21:11 Asia/Kolkata] PHP Warning:  ini_set() [<a href='0function.ini-set'>function.ini-set</a>]: Session ini settings cannot be changed after headers have already been sent in /data/html/hcmadras/config/dbconfig.php on line 24
Fatal Error: Array
(
    [type] => 2
    [message] => ini_set() [<a href='0function.ini-set'>function.ini-set</a>]: Session ini settings cannot be changed after headers have already been sent
    [file] => /data/html/hcmadras/config/dbconfig.php
    [line] => 24
)
[14-May-2026 12:22:03 Asia/Kolkata] PHP Warning:  ini_set(): Session ini settings cannot be changed when a session is active in /data/html/hcmadras/config/dbconfig.php on line 22
[14-May-2026 12:22:03 Asia/Kolkata] PHP Warning:  ini_set(): Session ini settings cannot be changed when a session is active in /data/html/hcmadras/config/dbconfig.php on line 23
[14-May-2026 12:22:03 Asia/Kolkata] PHP Warning:  ini_set(): Session ini settings cannot be changed when a session is active in /data/html/hcmadras/config/dbconfig.php on line 24
[14-May-2026 12:22:03 Asia/Kolkata] PHP Warning:  Cannot modify header information - headers already sent by (output started at /data/html/hcmadras/header.php:31) in /data/html/hcmadras/config/dbconfig.php on line 5
[14-May-2026 12:22:03 Asia/Kolkata] PHP Warning:  Cannot modify header information - headers already sent by (output started at /data/html/hcmadras/header.php:31) in /data/html/hcmadras/config/dbconfig.php on line 6
[14-May-2026 12:22:03 Asia/Kolkata] PHP Warning:  Cannot modify header information - headers already sent by (output started at /data/html/hcmadras/header.php:31) in /data/html/hcmadras/config/dbconfig.php on line 7
[14-May-2026 12:22:03 Asia/Kolkata] PHP Warning:  Cannot modify header information - headers already sent by (output started at /data/html/hcmadras/header.php:31) in /data/html/hcmadras/config/dbconfig.php on line 8
[14-May-2026 12:22:03 Asia/Kolkata] PHP Warning:  Cannot modify header information - headers already sent by (output started at /data/html/hcmadras/header.php:31) in /data/html/hcmadras/config/dbconfig.php on line 9
[14-May-2026 12:22:03 Asia/Kolkata] PHP Warning:  Cannot modify header information - headers already sent by (output started at /data/html/hcmadras/header.php:31) in /data/html/hcmadras/config/dbconfig.php on line 10
[14-May-2026 12:22:03 Asia/Kolkata] PHP Warning:  Cannot modify header information - headers already sent by (output started at /data/html/hcmadras/header.php:31) in /data/html/hcmadras/config/dbconfig.php on line 11
[14-May-2026 12:22:03 Asia/Kolkata] PHP Warning:  Cannot modify header information - headers already sent by (output started at /data/html/hcmadras/header.php:31) in /data/html/hcmadras/config/dbconfig.php on line 21
[14-May-2026 12:22:03 Asia/Kolkata] PHP Warning:  ini_set() [<a href='0function.ini-set'>function.ini-set</a>]: Session ini settings cannot be changed after headers have already been sent in /data/html/hcmadras/config/dbconfig.php on line 22
[14-May-2026 12:22:03 Asia/Kolkata] PHP Warning:  ini_set() [<a href='0function.ini-set'>function.ini-set</a>]: Session ini settings cannot be changed after headers have already been sent in /data/html/hcmadras/config/dbconfig.php on line 23
[14-May-2026 12:22:03 Asia/Kolkata] PHP Warning:  ini_set() [<a href='0function.ini-set'>function.ini-set</a>]: Session ini settings cannot be changed after headers have already been sent in /data/html/hcmadras/config/dbconfig.php on line 24
[14-May-2026 12:22:03 Asia/Kolkata] PHP Deprecated:  uasort() [<a href='0function.uasort'>function.uasort</a>]: Returning bool from comparison function is deprecated, return an integer less than, equal to, or greater than zero in /data/html/hcmadras/menu.php on line 83
[14-May-2026 12:22:03 Asia/Kolkata] PHP Deprecated:  uasort() [<a href='0function.uasort'>function.uasort</a>]: Returning bool from comparison function is deprecated, return an integer less than, equal to, or greater than zero in /data/html/hcmadras/menu.php on line 90
[14-May-2026 12:22:03 Asia/Kolkata] PHP Deprecated:  uasort() [<a href='0function.uasort'>function.uasort</a>]: Returning bool from comparison function is deprecated, return an integer less than, equal to, or greater than zero in /data/html/hcmadras/menu.php on line 96
[14-May-2026 12:22:03 Asia/Kolkata] PHP Warning:  Undefined variable $no in /data/html/hcmadras/menu.php on line 164
[14-May-2026 12:22:03 Asia/Kolkata] PHP Warning:  Cannot modify header information - headers already sent by (output started at /data/html/hcmadras/header.php:31) in /data/html/hcmadras/config/dbconfig.php on line 5
[14-May-2026 12:22:03 Asia/Kolkata] PHP Warning:  Cannot modify header information - headers already sent by (output started at /data/html/hcmadras/header.php:31) in /data/html/hcmadras/config/dbconfig.php on line 6
[14-May-2026 12:22:03 Asia/Kolkata] PHP Warning:  Cannot modify header information - headers already sent by (output started at /data/html/hcmadras/header.php:31) in /data/html/hcmadras/config/dbconfig.php on line 7
[14-May-2026 12:22:03 Asia/Kolkata] PHP Warning:  Cannot modify header information - headers already sent by (output started at /data/html/hcmadras/header.php:31) in /data/html/hcmadras/config/dbconfig.php on line 8
[14-May-2026 12:22:03 Asia/Kolkata] PHP Warning:  Cannot modify header information - headers already sent by (output started at /data/html/hcmadras/header.php:31) in /data/html/hcmadras/config/dbconfig.php on line 9
[14-May-2026 12:22:03 Asia/Kolkata] PHP Warning:  Cannot modify header information - headers already sent by (output started at /data/html/hcmadras/header.php:31) in /data/html/hcmadras/config/dbconfig.php on line 10
[14-May-2026 12:22:03 Asia/Kolkata] PHP Warning:  Cannot modify header information - headers already sent by (output started at /data/html/hcmadras/header.php:31) in /data/html/hcmadras/config/dbconfig.php on line 11
[14-May-2026 12:22:03 Asia/Kolkata] PHP Warning:  Cannot modify header information - headers already sent by (output started at /data/html/hcmadras/header.php:31) in /data/html/hcmadras/config/dbconfig.php on line 21
[14-May-2026 12:22:03 Asia/Kolkata] PHP Warning:  ini_set() [<a href='0function.ini-set'>function.ini-set</a>]: Session ini settings cannot be changed after headers have already been sent in /data/html/hcmadras/config/dbconfig.php on line 22
[14-May-2026 12:22:03 Asia/Kolkata] PHP Warning:  ini_set() [<a href='0function.ini-set'>function.ini-set</a>]: Session ini settings cannot be changed after headers have already been sent in /data/html/hcmadras/config/dbconfig.php on line 23
[14-May-2026 12:22:03 Asia/Kolkata] PHP Warning:  ini_set() [<a href='0function.ini-set'>function.ini-set</a>]: Session ini settings cannot be changed after headers have already been sent in /data/html/hcmadras/config/dbconfig.php on line 24
[14-May-2026 12:22:03 Asia/Kolkata] PHP Deprecated:  uasort() [<a href='0function.uasort'>function.uasort</a>]: Returning bool from comparison function is deprecated, return an integer less than, equal to, or greater than zero in /data/html/hcmadras/menu_s.php on line 80
[14-May-2026 12:22:03 Asia/Kolkata] PHP Deprecated:  uasort() [<a href='0function.uasort'>function.uasort</a>]: Returning bool from comparison function is deprecated, return an integer less than, equal to, or greater than zero in /data/html/hcmadras/menu_s.php on line 87
[14-May-2026 12:22:03 Asia/Kolkata] PHP Deprecated:  uasort() [<a href='0function.uasort'>function.uasort</a>]: Returning bool from comparison function is deprecated, return an integer less than, equal to, or greater than zero in /data/html/hcmadras/menu_s.php on line 93
[14-May-2026 12:22:03 Asia/Kolkata] PHP Warning:  Undefined variable $no in /data/html/hcmadras/menu_s.php on line 150
[14-May-2026 12:22:03 Asia/Kolkata] PHP Warning:  Cannot modify header information - headers already sent by (output started at /data/html/hcmadras/header.php:31) in /data/html/hcmadras/config/dbconfig.php on line 5
[14-May-2026 12:22:03 Asia/Kolkata] PHP Warning:  Cannot modify header information - headers already sent by (output started at /data/html/hcmadras/header.php:31) in /data/html/hcmadras/config/dbconfig.php on line 6
[14-May-2026 12:22:03 Asia/Kolkata] PHP Warning:  Cannot modify header information - headers already sent by (output started at /data/html/hcmadras/header.php:31) in /data/html/hcmadras/config/dbconfig.php on line 7
[14-May-2026 12:22:03 Asia/Kolkata] PHP Warning:  Cannot modify header information - headers already sent by (output started at /data/html/hcmadras/header.php:31) in /data/html/hcmadras/config/dbconfig.php on line 8
[14-May-2026 12:22:03 Asia/Kolkata] PHP Warning:  Cannot modify header information - headers already sent by (output started at /data/html/hcmadras/header.php:31) in /data/html/hcmadras/config/dbconfig.php on line 9
[14-May-2026 12:22:03 Asia/Kolkata] PHP Warning:  Cannot modify header information - headers already sent by (output started at /data/html/hcmadras/header.php:31) in /data/html/hcmadras/config/dbconfig.php on line 10
[14-May-2026 12:22:03 Asia/Kolkata] PHP Warning:  Cannot modify header information - headers already sent by (output started at /data/html/hcmadras/header.php:31) in /data/html/hcmadras/config/dbconfig.php on line 11
[14-May-2026 12:22:03 Asia/Kolkata] PHP Warning:  Cannot modify header information - headers already sent by (output started at /data/html/hcmadras/header.php:31) in /data/html/hcmadras/config/dbconfig.php on line 21
[14-May-2026 12:22:03 Asia/Kolkata] PHP Warning:  ini_set() [<a href='0function.ini-set'>function.ini-set</a>]: Session ini settings cannot be changed after headers have already been sent in /data/html/hcmadras/config/dbconfig.php on line 22
[14-May-2026 12:22:03 Asia/Kolkata] PHP Warning:  ini_set() [<a href='0function.ini-set'>function.ini-set</a>]: Session ini settings cannot be changed after headers have already been sent in /data/html/hcmadras/config/dbconfig.php on line 23
[14-May-2026 12:22:03 Asia/Kolkata] PHP Warning:  ini_set() [<a href='0function.ini-set'>function.ini-set</a>]: Session ini settings cannot be changed after headers have already been sent in /data/html/hcmadras/config/dbconfig.php on line 24
[14-May-2026 12:22:03 Asia/Kolkata] PHP Warning:  Cannot modify header information - headers already sent by (output started at /data/html/hcmadras/header.php:31) in /data/html/hcmadras/config/dbconfig.php on line 5
[14-May-2026 12:22:03 Asia/Kolkata] PHP Warning:  Cannot modify header information - headers already sent by (output started at /data/html/hcmadras/header.php:31) in /data/html/hcmadras/config/dbconfig.php on line 6
[14-May-2026 12:22:03 Asia/Kolkata] PHP Warning:  Cannot modify header information - headers already sent by (output started at /data/html/hcmadras/header.php:31) in /data/html/hcmadras/config/dbconfig.php on line 7
[14-May-2026 12:22:03 Asia/Kolkata] PHP Warning:  Cannot modify header information - headers already sent by (output started at /data/html/hcmadras/header.php:31) in /data/html/hcmadras/config/dbconfig.php on line 8
[14-May-2026 12:22:03 Asia/Kolkata] PHP Warning:  Cannot modify header information - headers already sent by (output started at /data/html/hcmadras/header.php:31) in /data/html/hcmadras/config/dbconfig.php on line 9
[14-May-2026 12:22:03 Asia/Kolkata] PHP Warning:  Cannot modify header information - headers already sent by (output started at /data/html/hcmadras/header.php:31) in /data/html/hcmadras/config/dbconfig.php on line 10
[14-May-2026 12:22:03 Asia/Kolkata] PHP Warning:  Cannot modify header information - headers already sent by (output started at /data/html/hcmadras/header.php:31) in /data/html/hcmadras/config/dbconfig.php on line 11
[14-May-2026 12:22:03 Asia/Kolkata] PHP Warning:  Cannot modify header information - headers already sent by (output started at /data/html/hcmadras/header.php:31) in /data/html/hcmadras/config/dbconfig.php on line 21
[14-May-2026 12:22:03 Asia/Kolkata] PHP Warning:  ini_set() [<a href='0function.ini-set'>function.ini-set</a>]: Session ini settings cannot be changed after headers have already been sent in /data/html/hcmadras/config/dbconfig.php on line 22
[14-May-2026 12:22:03 Asia/Kolkata] PHP Warning:  ini_set() [<a href='0function.ini-set'>function.ini-set</a>]: Session ini settings cannot be changed after headers have already been sent in /data/html/hcmadras/config/dbconfig.php on line 23
[14-May-2026 12:22:03 Asia/Kolkata] PHP Warning:  ini_set() [<a href='0function.ini-set'>function.ini-set</a>]: Session ini settings cannot be changed after headers have already been sent in /data/html/hcmadras/config/dbconfig.php on line 24
Fatal Error: Array
(
    [type] => 2
    [message] => ini_set() [<a href='0function.ini-set'>function.ini-set</a>]: Session ini settings cannot be changed after headers have already been sent
    [file] => /data/html/hcmadras/config/dbconfig.php
    [line] => 24
)
[14-May-2026 12:23:26 Asia/Kolkata] PHP Warning:  ini_set(): Session ini settings cannot be changed when a session is active in /data/html/hcmadras/config/dbconfig.php on line 22
[14-May-2026 12:23:26 Asia/Kolkata] PHP Warning:  ini_set(): Session ini settings cannot be changed when a session is active in /data/html/hcmadras/config/dbconfig.php on line 23
[14-May-2026 12:23:26 Asia/Kolkata] PHP Warning:  ini_set(): Session ini settings cannot be changed when a session is active in /data/html/hcmadras/config/dbconfig.php on line 24
[14-May-2026 12:23:26 Asia/Kolkata] PHP Warning:  pg_pconnect() [<a href='0function.pg-pconnect'>function.pg-pconnect</a>]: Unable to connect to PostgreSQL server: connection to server at &quot;10.236.255.28&quot;, port 5432 failed: Connection refused
	Is the server running on that host and accepting TCP/IP connections? in /data/html/hcmadras/config/dbconfig.php on line 35
[14-May-2026 12:23:26 Asia/Kolkata] PHP Warning:  Undefined variable $DB_con in /data/html/hcmadras/header.php on line 15
[14-May-2026 12:23:26 Asia/Kolkata] PHP Fatal error:  Uncaught Error: Call to a member function prepare() on null in /data/html/hcmadras/header.php:15
Stack trace:
#0 /data/html/hcmadras/index_12.php(13): include()
#1 {main}
  thrown in /data/html/hcmadras/header.php on line 15
Fatal Error: Array
(
    [type] => 1
    [message] => Uncaught Error: Call to a member function prepare() on null in /data/html/hcmadras/header.php:15
Stack trace:
#0 /data/html/hcmadras/index_12.php(13): include()
#1 {main}
  thrown
    [file] => /data/html/hcmadras/header.php
    [line] => 15
)
[14-May-2026 12:23:37 Asia/Kolkata] PHP Warning:  ini_set(): Session ini settings cannot be changed when a session is active in /data/html/hcmadras/config/dbconfig.php on line 22
[14-May-2026 12:23:37 Asia/Kolkata] PHP Warning:  ini_set(): Session ini settings cannot be changed when a session is active in /data/html/hcmadras/config/dbconfig.php on line 23
[14-May-2026 12:23:37 Asia/Kolkata] PHP Warning:  ini_set(): Session ini settings cannot be changed when a session is active in /data/html/hcmadras/config/dbconfig.php on line 24
[14-May-2026 12:23:37 Asia/Kolkata] PHP Warning:  Cannot modify header information - headers already sent by (output started at /data/html/hcmadras/header.php:31) in /data/html/hcmadras/config/dbconfig.php on line 5
[14-May-2026 12:23:37 Asia/Kolkata] PHP Warning:  Cannot modify header information - headers already sent by (output started at /data/html/hcmadras/header.php:31) in /data/html/hcmadras/config/dbconfig.php on line 6
[14-May-2026 12:23:37 Asia/Kolkata] PHP Warning:  Cannot modify header information - headers already sent by (output started at /data/html/hcmadras/header.php:31) in /data/html/hcmadras/config/dbconfig.php on line 7
[14-May-2026 12:23:37 Asia/Kolkata] PHP Warning:  Cannot modify header information - headers already sent by (output started at /data/html/hcmadras/header.php:31) in /data/html/hcmadras/config/dbconfig.php on line 8
[14-May-2026 12:23:37 Asia/Kolkata] PHP Warning:  Cannot modify header information - headers already sent by (output started at /data/html/hcmadras/header.php:31) in /data/html/hcmadras/config/dbconfig.php on line 9
[14-May-2026 12:23:37 Asia/Kolkata] PHP Warning:  Cannot modify header information - headers already sent by (output started at /data/html/hcmadras/header.php:31) in /data/html/hcmadras/config/dbconfig.php on line 10
[14-May-2026 12:23:37 Asia/Kolkata] PHP Warning:  Cannot modify header information - headers already sent by (output started at /data/html/hcmadras/header.php:31) in /data/html/hcmadras/config/dbconfig.php on line 11
[14-May-2026 12:23:37 Asia/Kolkata] PHP Warning:  Cannot modify header information - headers already sent by (output started at /data/html/hcmadras/header.php:31) in /data/html/hcmadras/config/dbconfig.php on line 21
[14-May-2026 12:23:37 Asia/Kolkata] PHP Warning:  ini_set() [<a href='0function.ini-set'>function.ini-set</a>]: Session ini settings cannot be changed after headers have already been sent in /data/html/hcmadras/config/dbconfig.php on line 22
[14-May-2026 12:23:37 Asia/Kolkata] PHP Warning:  ini_set() [<a href='0function.ini-set'>function.ini-set</a>]: Session ini settings cannot be changed after headers have already been sent in /data/html/hcmadras/config/dbconfig.php on line 23
[14-May-2026 12:23:37 Asia/Kolkata] PHP Warning:  ini_set() [<a href='0function.ini-set'>function.ini-set</a>]: Session ini settings cannot be changed after headers have already been sent in /data/html/hcmadras/config/dbconfig.php on line 24
[14-May-2026 12:23:37 Asia/Kolkata] PHP Deprecated:  uasort() [<a href='0function.uasort'>function.uasort</a>]: Returning bool from comparison function is deprecated, return an integer less than, equal to, or greater than zero in /data/html/hcmadras/menu.php on line 83
[14-May-2026 12:23:37 Asia/Kolkata] PHP Deprecated:  uasort() [<a href='0function.uasort'>function.uasort</a>]: Returning bool from comparison function is deprecated, return an integer less than, equal to, or greater than zero in /data/html/hcmadras/menu.php on line 90
[14-May-2026 12:23:37 Asia/Kolkata] PHP Deprecated:  uasort() [<a href='0function.uasort'>function.uasort</a>]: Returning bool from comparison function is deprecated, return an integer less than, equal to, or greater than zero in /data/html/hcmadras/menu.php on line 96
[14-May-2026 12:23:37 Asia/Kolkata] PHP Warning:  Undefined variable $no in /data/html/hcmadras/menu.php on line 164
[14-May-2026 12:23:37 Asia/Kolkata] PHP Warning:  Cannot modify header information - headers already sent by (output started at /data/html/hcmadras/header.php:31) in /data/html/hcmadras/config/dbconfig.php on line 5
[14-May-2026 12:23:37 Asia/Kolkata] PHP Warning:  Cannot modify header information - headers already sent by (output started at /data/html/hcmadras/header.php:31) in /data/html/hcmadras/config/dbconfig.php on line 6
[14-May-2026 12:23:37 Asia/Kolkata] PHP Warning:  Cannot modify header information - headers already sent by (output started at /data/html/hcmadras/header.php:31) in /data/html/hcmadras/config/dbconfig.php on line 7
[14-May-2026 12:23:37 Asia/Kolkata] PHP Warning:  Cannot modify header information - headers already sent by (output started at /data/html/hcmadras/header.php:31) in /data/html/hcmadras/config/dbconfig.php on line 8
[14-May-2026 12:23:37 Asia/Kolkata] PHP Warning:  Cannot modify header information - headers already sent by (output started at /data/html/hcmadras/header.php:31) in /data/html/hcmadras/config/dbconfig.php on line 9
[14-May-2026 12:23:37 Asia/Kolkata] PHP Warning:  Cannot modify header information - headers already sent by (output started at /data/html/hcmadras/header.php:31) in /data/html/hcmadras/config/dbconfig.php on line 10
[14-May-2026 12:23:37 Asia/Kolkata] PHP Warning:  Cannot modify header information - headers already sent by (output started at /data/html/hcmadras/header.php:31) in /data/html/hcmadras/config/dbconfig.php on line 11
[14-May-2026 12:23:37 Asia/Kolkata] PHP Warning:  Cannot modify header information - headers already sent by (output started at /data/html/hcmadras/header.php:31) in /data/html/hcmadras/config/dbconfig.php on line 21
[14-May-2026 12:23:37 Asia/Kolkata] PHP Warning:  ini_set() [<a href='0function.ini-set'>function.ini-set</a>]: Session ini settings cannot be changed after headers have already been sent in /data/html/hcmadras/config/dbconfig.php on line 22
[14-May-2026 12:23:37 Asia/Kolkata] PHP Warning:  ini_set() [<a href='0function.ini-set'>function.ini-set</a>]: Session ini settings cannot be changed after headers have already been sent in /data/html/hcmadras/config/dbconfig.php on line 23
[14-May-2026 12:23:37 Asia/Kolkata] PHP Warning:  ini_set() [<a href='0function.ini-set'>function.ini-set</a>]: Session ini settings cannot be changed after headers have already been sent in /data/html/hcmadras/config/dbconfig.php on line 24
[14-May-2026 12:23:37 Asia/Kolkata] PHP Deprecated:  uasort() [<a href='0function.uasort'>function.uasort</a>]: Returning bool from comparison function is deprecated, return an integer less than, equal to, or greater than zero in /data/html/hcmadras/menu_s.php on line 80
[14-May-2026 12:23:37 Asia/Kolkata] PHP Deprecated:  uasort() [<a href='0function.uasort'>function.uasort</a>]: Returning bool from comparison function is deprecated, return an integer less than, equal to, or greater than zero in /data/html/hcmadras/menu_s.php on line 87
[14-May-2026 12:23:37 Asia/Kolkata] PHP Deprecated:  uasort() [<a href='0function.uasort'>function.uasort</a>]: Returning bool from comparison function is deprecated, return an integer less than, equal to, or greater than zero in /data/html/hcmadras/menu_s.php on line 93
[14-May-2026 12:23:37 Asia/Kolkata] PHP Warning:  Undefined variable $no in /data/html/hcmadras/menu_s.php on line 150
[14-May-2026 12:23:37 Asia/Kolkata] PHP Warning:  Cannot modify header information - headers already sent by (output started at /data/html/hcmadras/header.php:31) in /data/html/hcmadras/config/dbconfig.php on line 5
[14-May-2026 12:23:37 Asia/Kolkata] PHP Warning:  Cannot modify header information - headers already sent by (output started at /data/html/hcmadras/header.php:31) in /data/html/hcmadras/config/dbconfig.php on line 6
[14-May-2026 12:23:37 Asia/Kolkata] PHP Warning:  Cannot modify header information - headers already sent by (output started at /data/html/hcmadras/header.php:31) in /data/html/hcmadras/config/dbconfig.php on line 7
[14-May-2026 12:23:37 Asia/Kolkata] PHP Warning:  Cannot modify header information - headers already sent by (output started at /data/html/hcmadras/header.php:31) in /data/html/hcmadras/config/dbconfig.php on line 8
[14-May-2026 12:23:37 Asia/Kolkata] PHP Warning:  Cannot modify header information - headers already sent by (output started at /data/html/hcmadras/header.php:31) in /data/html/hcmadras/config/dbconfig.php on line 9
[14-May-2026 12:23:37 Asia/Kolkata] PHP Warning:  Cannot modify header information - headers already sent by (output started at /data/html/hcmadras/header.php:31) in /data/html/hcmadras/config/dbconfig.php on line 10
[14-May-2026 12:23:37 Asia/Kolkata] PHP Warning:  Cannot modify header information - headers already sent by (output started at /data/html/hcmadras/header.php:31) in /data/html/hcmadras/config/dbconfig.php on line 11
[14-May-2026 12:23:37 Asia/Kolkata] PHP Warning:  Cannot modify header information - headers already sent by (output started at /data/html/hcmadras/header.php:31) in /data/html/hcmadras/config/dbconfig.php on line 21
[14-May-2026 12:23:37 Asia/Kolkata] PHP Warning:  ini_set() [<a href='0function.ini-set'>function.ini-set</a>]: Session ini settings cannot be changed after headers have already been sent in /data/html/hcmadras/config/dbconfig.php on line 22
[14-May-2026 12:23:37 Asia/Kolkata] PHP Warning:  ini_set() [<a href='0function.ini-set'>function.ini-set</a>]: Session ini settings cannot be changed after headers have already been sent in /data/html/hcmadras/config/dbconfig.php on line 23
[14-May-2026 12:23:37 Asia/Kolkata] PHP Warning:  ini_set() [<a href='0function.ini-set'>function.ini-set</a>]: Session ini settings cannot be changed after headers have already been sent in /data/html/hcmadras/config/dbconfig.php on line 24
[14-May-2026 12:23:37 Asia/Kolkata] PHP Warning:  Cannot modify header information - headers already sent by (output started at /data/html/hcmadras/header.php:31) in /data/html/hcmadras/config/dbconfig.php on line 5
[14-May-2026 12:23:37 Asia/Kolkata] PHP Warning:  Cannot modify header information - headers already sent by (output started at /data/html/hcmadras/header.php:31) in /data/html/hcmadras/config/dbconfig.php on line 6
[14-May-2026 12:23:37 Asia/Kolkata] PHP Warning:  Cannot modify header information - headers already sent by (output started at /data/html/hcmadras/header.php:31) in /data/html/hcmadras/config/dbconfig.php on line 7
[14-May-2026 12:23:37 Asia/Kolkata] PHP Warning:  Cannot modify header information - headers already sent by (output started at /data/html/hcmadras/header.php:31) in /data/html/hcmadras/config/dbconfig.php on line 8
[14-May-2026 12:23:37 Asia/Kolkata] PHP Warning:  Cannot modify header information - headers already sent by (output started at /data/html/hcmadras/header.php:31) in /data/html/hcmadras/config/dbconfig.php on line 9
[14-May-2026 12:23:37 Asia/Kolkata] PHP Warning:  Cannot modify header information - headers already sent by (output started at /data/html/hcmadras/header.php:31) in /data/html/hcmadras/config/dbconfig.php on line 10
[14-May-2026 12:23:37 Asia/Kolkata] PHP Warning:  Cannot modify header information - headers already sent by (output started at /data/html/hcmadras/header.php:31) in /data/html/hcmadras/config/dbconfig.php on line 11
[14-May-2026 12:23:37 Asia/Kolkata] PHP Warning:  Cannot modify header information - headers already sent by (output started at /data/html/hcmadras/header.php:31) in /data/html/hcmadras/config/dbconfig.php on line 21
[14-May-2026 12:23:37 Asia/Kolkata] PHP Warning:  ini_set() [<a href='0function.ini-set'>function.ini-set</a>]: Session ini settings cannot be changed after headers have already been sent in /data/html/hcmadras/config/dbconfig.php on line 22
[14-May-2026 12:23:37 Asia/Kolkata] PHP Warning:  ini_set() [<a href='0function.ini-set'>function.ini-set</a>]: Session ini settings cannot be changed after headers have already been sent in /data/html/hcmadras/config/dbconfig.php on line 23
[14-May-2026 12:23:37 Asia/Kolkata] PHP Warning:  ini_set() [<a href='0function.ini-set'>function.ini-set</a>]: Session ini settings cannot be changed after headers have already been sent in /data/html/hcmadras/config/dbconfig.php on line 24
Fatal Error: Array
(
    [type] => 2
    [message] => ini_set() [<a href='0function.ini-set'>function.ini-set</a>]: Session ini settings cannot be changed after headers have already been sent
    [file] => /data/html/hcmadras/config/dbconfig.php
    [line] => 24
)
[29-May-2026 13:34:52 Asia/Kolkata] PHP Warning:  ini_set(): Session ini settings cannot be changed when a session is active in /data/html/hcmadras/config/dbconfig.php on line 22
[29-May-2026 13:34:52 Asia/Kolkata] PHP Warning:  ini_set(): Session ini settings cannot be changed when a session is active in /data/html/hcmadras/config/dbconfig.php on line 23
[29-May-2026 13:34:52 Asia/Kolkata] PHP Warning:  ini_set(): Session ini settings cannot be changed when a session is active in /data/html/hcmadras/config/dbconfig.php on line 24
[29-May-2026 13:34:52 Asia/Kolkata] PHP Warning:  ini_set(): Session ini settings cannot be changed when a session is active in /data/html/hcmadras/config/dbconfig.php on line 22
[29-May-2026 13:34:52 Asia/Kolkata] PHP Warning:  ini_set(): Session ini settings cannot be changed when a session is active in /data/html/hcmadras/config/dbconfig.php on line 23
[29-May-2026 13:34:52 Asia/Kolkata] PHP Warning:  ini_set(): Session ini settings cannot be changed when a session is active in /data/html/hcmadras/config/dbconfig.php on line 24
[29-May-2026 13:34:52 Asia/Kolkata] PHP Warning:  Cannot modify header information - headers already sent by (output started at /data/html/hcmadras/header.php:32) in /data/html/hcmadras/config/dbconfig.php on line 5
[29-May-2026 13:34:52 Asia/Kolkata] PHP Warning:  Cannot modify header information - headers already sent by (output started at /data/html/hcmadras/header.php:32) in /data/html/hcmadras/config/dbconfig.php on line 6
[29-May-2026 13:34:52 Asia/Kolkata] PHP Warning:  Cannot modify header information - headers already sent by (output started at /data/html/hcmadras/header.php:32) in /data/html/hcmadras/config/dbconfig.php on line 7
[29-May-2026 13:34:52 Asia/Kolkata] PHP Warning:  Cannot modify header information - headers already sent by (output started at /data/html/hcmadras/header.php:32) in /data/html/hcmadras/config/dbconfig.php on line 8
[29-May-2026 13:34:52 Asia/Kolkata] PHP Warning:  Cannot modify header information - headers already sent by (output started at /data/html/hcmadras/header.php:32) in /data/html/hcmadras/config/dbconfig.php on line 9
[29-May-2026 13:34:52 Asia/Kolkata] PHP Warning:  Cannot modify header information - headers already sent by (output started at /data/html/hcmadras/header.php:32) in /data/html/hcmadras/config/dbconfig.php on line 10
[29-May-2026 13:34:52 Asia/Kolkata] PHP Warning:  Cannot modify header information - headers already sent by (output started at /data/html/hcmadras/header.php:32) in /data/html/hcmadras/config/dbconfig.php on line 11
[29-May-2026 13:34:52 Asia/Kolkata] PHP Warning:  Cannot modify header information - headers already sent by (output started at /data/html/hcmadras/header.php:32) in /data/html/hcmadras/config/dbconfig.php on line 21
[29-May-2026 13:34:52 Asia/Kolkata] PHP Warning:  ini_set() [<a href='0function.ini-set'>function.ini-set</a>]: Session ini settings cannot be changed after headers have already been sent in /data/html/hcmadras/config/dbconfig.php on line 22
[29-May-2026 13:34:52 Asia/Kolkata] PHP Warning:  ini_set() [<a href='0function.ini-set'>function.ini-set</a>]: Session ini settings cannot be changed after headers have already been sent in /data/html/hcmadras/config/dbconfig.php on line 23
[29-May-2026 13:34:52 Asia/Kolkata] PHP Warning:  ini_set() [<a href='0function.ini-set'>function.ini-set</a>]: Session ini settings cannot be changed after headers have already been sent in /data/html/hcmadras/config/dbconfig.php on line 24
[29-May-2026 13:34:52 Asia/Kolkata] PHP Warning:  Cannot modify header information - headers already sent by (output started at /data/html/hcmadras/header.php:32) in /data/html/hcmadras/config/dbconfig.php on line 5
[29-May-2026 13:34:52 Asia/Kolkata] PHP Warning:  Cannot modify header information - headers already sent by (output started at /data/html/hcmadras/header.php:32) in /data/html/hcmadras/config/dbconfig.php on line 6
[29-May-2026 13:34:52 Asia/Kolkata] PHP Warning:  Cannot modify header information - headers already sent by (output started at /data/html/hcmadras/header.php:32) in /data/html/hcmadras/config/dbconfig.php on line 7
[29-May-2026 13:34:52 Asia/Kolkata] PHP Warning:  Cannot modify header information - headers already sent by (output started at /data/html/hcmadras/header.php:32) in /data/html/hcmadras/config/dbconfig.php on line 8
[29-May-2026 13:34:52 Asia/Kolkata] PHP Warning:  Cannot modify header information - headers already sent by (output started at /data/html/hcmadras/header.php:32) in /data/html/hcmadras/config/dbconfig.php on line 9
[29-May-2026 13:34:52 Asia/Kolkata] PHP Warning:  Cannot modify header information - headers already sent by (output started at /data/html/hcmadras/header.php:32) in /data/html/hcmadras/config/dbconfig.php on line 10
[29-May-2026 13:34:52 Asia/Kolkata] PHP Warning:  Cannot modify header information - headers already sent by (output started at /data/html/hcmadras/header.php:32) in /data/html/hcmadras/config/dbconfig.php on line 11
[29-May-2026 13:34:52 Asia/Kolkata] PHP Warning:  Cannot modify header information - headers already sent by (output started at /data/html/hcmadras/header.php:32) in /data/html/hcmadras/config/dbconfig.php on line 21
[29-May-2026 13:34:52 Asia/Kolkata] PHP Warning:  ini_set() [<a href='0function.ini-set'>function.ini-set</a>]: Session ini settings cannot be changed after headers have already been sent in /data/html/hcmadras/config/dbconfig.php on line 22
[29-May-2026 13:34:52 Asia/Kolkata] PHP Warning:  ini_set() [<a href='0function.ini-set'>function.ini-set</a>]: Session ini settings cannot be changed after headers have already been sent in /data/html/hcmadras/config/dbconfig.php on line 23
[29-May-2026 13:34:52 Asia/Kolkata] PHP Warning:  ini_set() [<a href='0function.ini-set'>function.ini-set</a>]: Session ini settings cannot be changed after headers have already been sent in /data/html/hcmadras/config/dbconfig.php on line 24
[29-May-2026 13:34:53 Asia/Kolkata] PHP Deprecated:  uasort() [<a href='0function.uasort'>function.uasort</a>]: Returning bool from comparison function is deprecated, return an integer less than, equal to, or greater than zero in /data/html/hcmadras/menu.php on line 83
[29-May-2026 13:34:53 Asia/Kolkata] PHP Deprecated:  uasort() [<a href='0function.uasort'>function.uasort</a>]: Returning bool from comparison function is deprecated, return an integer less than, equal to, or greater than zero in /data/html/hcmadras/menu.php on line 90
[29-May-2026 13:34:53 Asia/Kolkata] PHP Deprecated:  uasort() [<a href='0function.uasort'>function.uasort</a>]: Returning bool from comparison function is deprecated, return an integer less than, equal to, or greater than zero in /data/html/hcmadras/menu.php on line 96
[29-May-2026 13:34:53 Asia/Kolkata] PHP Warning:  Undefined variable $no in /data/html/hcmadras/menu.php on line 164
[29-May-2026 13:34:53 Asia/Kolkata] PHP Warning:  Cannot modify header information - headers already sent by (output started at /data/html/hcmadras/header.php:32) in /data/html/hcmadras/config/dbconfig.php on line 5
[29-May-2026 13:34:53 Asia/Kolkata] PHP Warning:  Cannot modify header information - headers already sent by (output started at /data/html/hcmadras/header.php:32) in /data/html/hcmadras/config/dbconfig.php on line 6
[29-May-2026 13:34:53 Asia/Kolkata] PHP Warning:  Cannot modify header information - headers already sent by (output started at /data/html/hcmadras/header.php:32) in /data/html/hcmadras/config/dbconfig.php on line 7
[29-May-2026 13:34:53 Asia/Kolkata] PHP Warning:  Cannot modify header information - headers already sent by (output started at /data/html/hcmadras/header.php:32) in /data/html/hcmadras/config/dbconfig.php on line 8
[29-May-2026 13:34:53 Asia/Kolkata] PHP Warning:  Cannot modify header information - headers already sent by (output started at /data/html/hcmadras/header.php:32) in /data/html/hcmadras/config/dbconfig.php on line 9
[29-May-2026 13:34:53 Asia/Kolkata] PHP Warning:  Cannot modify header information - headers already sent by (output started at /data/html/hcmadras/header.php:32) in /data/html/hcmadras/config/dbconfig.php on line 10
[29-May-2026 13:34:53 Asia/Kolkata] PHP Warning:  Cannot modify header information - headers already sent by (output started at /data/html/hcmadras/header.php:32) in /data/html/hcmadras/config/dbconfig.php on line 11
[29-May-2026 13:34:53 Asia/Kolkata] PHP Warning:  Cannot modify header information - headers already sent by (output started at /data/html/hcmadras/header.php:32) in /data/html/hcmadras/config/dbconfig.php on line 21
[29-May-2026 13:34:53 Asia/Kolkata] PHP Warning:  ini_set() [<a href='0function.ini-set'>function.ini-set</a>]: Session ini settings cannot be changed after headers have already been sent in /data/html/hcmadras/config/dbconfig.php on line 22
[29-May-2026 13:34:53 Asia/Kolkata] PHP Warning:  ini_set() [<a href='0function.ini-set'>function.ini-set</a>]: Session ini settings cannot be changed after headers have already been sent in /data/html/hcmadras/config/dbconfig.php on line 23
[29-May-2026 13:34:53 Asia/Kolkata] PHP Warning:  ini_set() [<a href='0function.ini-set'>function.ini-set</a>]: Session ini settings cannot be changed after headers have already been sent in /data/html/hcmadras/config/dbconfig.php on line 24
[29-May-2026 13:34:53 Asia/Kolkata] PHP Deprecated:  uasort() [<a href='0function.uasort'>function.uasort</a>]: Returning bool from comparison function is deprecated, return an integer less than, equal to, or greater than zero in /data/html/hcmadras/menu.php on line 83
[29-May-2026 13:34:53 Asia/Kolkata] PHP Deprecated:  uasort() [<a href='0function.uasort'>function.uasort</a>]: Returning bool from comparison function is deprecated, return an integer less than, equal to, or greater than zero in /data/html/hcmadras/menu.php on line 90
[29-May-2026 13:34:53 Asia/Kolkata] PHP Deprecated:  uasort() [<a href='0function.uasort'>function.uasort</a>]: Returning bool from comparison function is deprecated, return an integer less than, equal to, or greater than zero in /data/html/hcmadras/menu.php on line 96
[29-May-2026 13:34:53 Asia/Kolkata] PHP Warning:  Undefined variable $no in /data/html/hcmadras/menu.php on line 164
[29-May-2026 13:34:53 Asia/Kolkata] PHP Warning:  Cannot modify header information - headers already sent by (output started at /data/html/hcmadras/header.php:32) in /data/html/hcmadras/config/dbconfig.php on line 5
[29-May-2026 13:34:53 Asia/Kolkata] PHP Warning:  Cannot modify header information - headers already sent by (output started at /data/html/hcmadras/header.php:32) in /data/html/hcmadras/config/dbconfig.php on line 6
[29-May-2026 13:34:53 Asia/Kolkata] PHP Warning:  Cannot modify header information - headers already sent by (output started at /data/html/hcmadras/header.php:32) in /data/html/hcmadras/config/dbconfig.php on line 7
[29-May-2026 13:34:53 Asia/Kolkata] PHP Warning:  Cannot modify header information - headers already sent by (output started at /data/html/hcmadras/header.php:32) in /data/html/hcmadras/config/dbconfig.php on line 8
[29-May-2026 13:34:53 Asia/Kolkata] PHP Warning:  Cannot modify header information - headers already sent by (output started at /data/html/hcmadras/header.php:32) in /data/html/hcmadras/config/dbconfig.php on line 9
[29-May-2026 13:34:53 Asia/Kolkata] PHP Warning:  Cannot modify header information - headers already sent by (output started at /data/html/hcmadras/header.php:32) in /data/html/hcmadras/config/dbconfig.php on line 10
[29-May-2026 13:34:53 Asia/Kolkata] PHP Warning:  Cannot modify header information - headers already sent by (output started at /data/html/hcmadras/header.php:32) in /data/html/hcmadras/config/dbconfig.php on line 11
[29-May-2026 13:34:53 Asia/Kolkata] PHP Warning:  Cannot modify header information - headers already sent by (output started at /data/html/hcmadras/header.php:32) in /data/html/hcmadras/config/dbconfig.php on line 21
[29-May-2026 13:34:53 Asia/Kolkata] PHP Warning:  ini_set() [<a href='0function.ini-set'>function.ini-set</a>]: Session ini settings cannot be changed after headers have already been sent in /data/html/hcmadras/config/dbconfig.php on line 22
[29-May-2026 13:34:53 Asia/Kolkata] PHP Warning:  ini_set() [<a href='0function.ini-set'>function.ini-set</a>]: Session ini settings cannot be changed after headers have already been sent in /data/html/hcmadras/config/dbconfig.php on line 23
[29-May-2026 13:34:53 Asia/Kolkata] PHP Warning:  ini_set() [<a href='0function.ini-set'>function.ini-set</a>]: Session ini settings cannot be changed after headers have already been sent in /data/html/hcmadras/config/dbconfig.php on line 24
[29-May-2026 13:34:53 Asia/Kolkata] PHP Deprecated:  uasort() [<a href='0function.uasort'>function.uasort</a>]: Returning bool from comparison function is deprecated, return an integer less than, equal to, or greater than zero in /data/html/hcmadras/menu_s.php on line 80
[29-May-2026 13:34:53 Asia/Kolkata] PHP Deprecated:  uasort() [<a href='0function.uasort'>function.uasort</a>]: Returning bool from comparison function is deprecated, return an integer less than, equal to, or greater than zero in /data/html/hcmadras/menu_s.php on line 87
[29-May-2026 13:34:53 Asia/Kolkata] PHP Deprecated:  uasort() [<a href='0function.uasort'>function.uasort</a>]: Returning bool from comparison function is deprecated, return an integer less than, equal to, or greater than zero in /data/html/hcmadras/menu_s.php on line 93
[29-May-2026 13:34:53 Asia/Kolkata] PHP Warning:  Undefined variable $no in /data/html/hcmadras/menu_s.php on line 150
[29-May-2026 13:34:53 Asia/Kolkata] PHP Warning:  Cannot modify header information - headers already sent by (output started at /data/html/hcmadras/header.php:32) in /data/html/hcmadras/config/dbconfig.php on line 5
[29-May-2026 13:34:53 Asia/Kolkata] PHP Warning:  Cannot modify header information - headers already sent by (output started at /data/html/hcmadras/header.php:32) in /data/html/hcmadras/config/dbconfig.php on line 6
[29-May-2026 13:34:53 Asia/Kolkata] PHP Warning:  Cannot modify header information - headers already sent by (output started at /data/html/hcmadras/header.php:32) in /data/html/hcmadras/config/dbconfig.php on line 7
[29-May-2026 13:34:53 Asia/Kolkata] PHP Warning:  Cannot modify header information - headers already sent by (output started at /data/html/hcmadras/header.php:32) in /data/html/hcmadras/config/dbconfig.php on line 8
[29-May-2026 13:34:53 Asia/Kolkata] PHP Warning:  Cannot modify header information - headers already sent by (output started at /data/html/hcmadras/header.php:32) in /data/html/hcmadras/config/dbconfig.php on line 9
[29-May-2026 13:34:53 Asia/Kolkata] PHP Warning:  Cannot modify header information - headers already sent by (output started at /data/html/hcmadras/header.php:32) in /data/html/hcmadras/config/dbconfig.php on line 10
[29-May-2026 13:34:53 Asia/Kolkata] PHP Warning:  Cannot modify header information - headers already sent by (output started at /data/html/hcmadras/header.php:32) in /data/html/hcmadras/config/dbconfig.php on line 11
[29-May-2026 13:34:53 Asia/Kolkata] PHP Warning:  Cannot modify header information - headers already sent by (output started at /data/html/hcmadras/header.php:32) in /data/html/hcmadras/config/dbconfig.php on line 21
[29-May-2026 13:34:53 Asia/Kolkata] PHP Warning:  ini_set() [<a href='0function.ini-set'>function.ini-set</a>]: Session ini settings cannot be changed after headers have already been sent in /data/html/hcmadras/config/dbconfig.php on line 22
[29-May-2026 13:34:53 Asia/Kolkata] PHP Warning:  ini_set() [<a href='0function.ini-set'>function.ini-set</a>]: Session ini settings cannot be changed after headers have already been sent in /data/html/hcmadras/config/dbconfig.php on line 23
[29-May-2026 13:34:53 Asia/Kolkata] PHP Warning:  ini_set() [<a href='0function.ini-set'>function.ini-set</a>]: Session ini settings cannot be changed after headers have already been sent in /data/html/hcmadras/config/dbconfig.php on line 24
[29-May-2026 13:34:53 Asia/Kolkata] PHP Deprecated:  uasort() [<a href='0function.uasort'>function.uasort</a>]: Returning bool from comparison function is deprecated, return an integer less than, equal to, or greater than zero in /data/html/hcmadras/menu_s.php on line 80
[29-May-2026 13:34:53 Asia/Kolkata] PHP Deprecated:  uasort() [<a href='0function.uasort'>function.uasort</a>]: Returning bool from comparison function is deprecated, return an integer less than, equal to, or greater than zero in /data/html/hcmadras/menu_s.php on line 87
[29-May-2026 13:34:53 Asia/Kolkata] PHP Deprecated:  uasort() [<a href='0function.uasort'>function.uasort</a>]: Returning bool from comparison function is deprecated, return an integer less than, equal to, or greater than zero in /data/html/hcmadras/menu_s.php on line 93
[29-May-2026 13:34:53 Asia/Kolkata] PHP Warning:  Undefined variable $no in /data/html/hcmadras/menu_s.php on line 150
[29-May-2026 13:34:53 Asia/Kolkata] PHP Warning:  Cannot modify header information - headers already sent by (output started at /data/html/hcmadras/header.php:32) in /data/html/hcmadras/config/dbconfig.php on line 5
[29-May-2026 13:34:53 Asia/Kolkata] PHP Warning:  Cannot modify header information - headers already sent by (output started at /data/html/hcmadras/header.php:32) in /data/html/hcmadras/config/dbconfig.php on line 6
[29-May-2026 13:34:53 Asia/Kolkata] PHP Warning:  Cannot modify header information - headers already sent by (output started at /data/html/hcmadras/header.php:32) in /data/html/hcmadras/config/dbconfig.php on line 7
[29-May-2026 13:34:53 Asia/Kolkata] PHP Warning:  Cannot modify header information - headers already sent by (output started at /data/html/hcmadras/header.php:32) in /data/html/hcmadras/config/dbconfig.php on line 8
[29-May-2026 13:34:53 Asia/Kolkata] PHP Warning:  Cannot modify header information - headers already sent by (output started at /data/html/hcmadras/header.php:32) in /data/html/hcmadras/config/dbconfig.php on line 9
[29-May-2026 13:34:53 Asia/Kolkata] PHP Warning:  Cannot modify header information - headers already sent by (output started at /data/html/hcmadras/header.php:32) in /data/html/hcmadras/config/dbconfig.php on line 10
[29-May-2026 13:34:53 Asia/Kolkata] PHP Warning:  Cannot modify header information - headers already sent by (output started at /data/html/hcmadras/header.php:32) in /data/html/hcmadras/config/dbconfig.php on line 11
[29-May-2026 13:34:53 Asia/Kolkata] PHP Warning:  Cannot modify header information - headers already sent by (output started at /data/html/hcmadras/header.php:32) in /data/html/hcmadras/config/dbconfig.php on line 21
[29-May-2026 13:34:53 Asia/Kolkata] PHP Warning:  ini_set() [<a href='0function.ini-set'>function.ini-set</a>]: Session ini settings cannot be changed after headers have already been sent in /data/html/hcmadras/config/dbconfig.php on line 22
[29-May-2026 13:34:53 Asia/Kolkata] PHP Warning:  ini_set() [<a href='0function.ini-set'>function.ini-set</a>]: Session ini settings cannot be changed after headers have already been sent in /data/html/hcmadras/config/dbconfig.php on line 23
[29-May-2026 13:34:53 Asia/Kolkata] PHP Warning:  ini_set() [<a href='0function.ini-set'>function.ini-set</a>]: Session ini settings cannot be changed after headers have already been sent in /data/html/hcmadras/config/dbconfig.php on line 24
[29-May-2026 13:34:53 Asia/Kolkata] PHP Warning:  pg_prepare() [<a href='0function.pg-prepare'>function.pg-prepare</a>]: Query failed: ERROR:  prepared statement &quot;params&quot; already exists in /data/html/hcmadras/index_data.php on line 244
[29-May-2026 13:34:53 Asia/Kolkata] PHP Warning:  Cannot modify header information - headers already sent by (output started at /data/html/hcmadras/header.php:32) in /data/html/hcmadras/config/dbconfig.php on line 5
[29-May-2026 13:34:53 Asia/Kolkata] PHP Warning:  Cannot modify header information - headers already sent by (output started at /data/html/hcmadras/header.php:32) in /data/html/hcmadras/config/dbconfig.php on line 6
[29-May-2026 13:34:53 Asia/Kolkata] PHP Warning:  Cannot modify header information - headers already sent by (output started at /data/html/hcmadras/header.php:32) in /data/html/hcmadras/config/dbconfig.php on line 7
[29-May-2026 13:34:53 Asia/Kolkata] PHP Warning:  Cannot modify header information - headers already sent by (output started at /data/html/hcmadras/header.php:32) in /data/html/hcmadras/config/dbconfig.php on line 8
[29-May-2026 13:34:53 Asia/Kolkata] PHP Warning:  Cannot modify header information - headers already sent by (output started at /data/html/hcmadras/header.php:32) in /data/html/hcmadras/config/dbconfig.php on line 9
[29-May-2026 13:34:53 Asia/Kolkata] PHP Warning:  Cannot modify header information - headers already sent by (output started at /data/html/hcmadras/header.php:32) in /data/html/hcmadras/config/dbconfig.php on line 10
[29-May-2026 13:34:53 Asia/Kolkata] PHP Warning:  Cannot modify header information - headers already sent by (output started at /data/html/hcmadras/header.php:32) in /data/html/hcmadras/config/dbconfig.php on line 11
[29-May-2026 13:34:53 Asia/Kolkata] PHP Warning:  Cannot modify header information - headers already sent by (output started at /data/html/hcmadras/header.php:32) in /data/html/hcmadras/config/dbconfig.php on line 21
[29-May-2026 13:34:53 Asia/Kolkata] PHP Warning:  ini_set() [<a href='0function.ini-set'>function.ini-set</a>]: Session ini settings cannot be changed after headers have already been sent in /data/html/hcmadras/config/dbconfig.php on line 22
[29-May-2026 13:34:53 Asia/Kolkata] PHP Warning:  ini_set() [<a href='0function.ini-set'>function.ini-set</a>]: Session ini settings cannot be changed after headers have already been sent in /data/html/hcmadras/config/dbconfig.php on line 23
[29-May-2026 13:34:53 Asia/Kolkata] PHP Warning:  ini_set() [<a href='0function.ini-set'>function.ini-set</a>]: Session ini settings cannot be changed after headers have already been sent in /data/html/hcmadras/config/dbconfig.php on line 24
[29-May-2026 13:34:53 Asia/Kolkata] PHP Warning:  Cannot modify header information - headers already sent by (output started at /data/html/hcmadras/header.php:32) in /data/html/hcmadras/config/dbconfig.php on line 5
[29-May-2026 13:34:53 Asia/Kolkata] PHP Warning:  Cannot modify header information - headers already sent by (output started at /data/html/hcmadras/header.php:32) in /data/html/hcmadras/config/dbconfig.php on line 6
[29-May-2026 13:34:53 Asia/Kolkata] PHP Warning:  Cannot modify header information - headers already sent by (output started at /data/html/hcmadras/header.php:32) in /data/html/hcmadras/config/dbconfig.php on line 7
[29-May-2026 13:34:53 Asia/Kolkata] PHP Warning:  Cannot modify header information - headers already sent by (output started at /data/html/hcmadras/header.php:32) in /data/html/hcmadras/config/dbconfig.php on line 8
[29-May-2026 13:34:53 Asia/Kolkata] PHP Warning:  Cannot modify header information - headers already sent by (output started at /data/html/hcmadras/header.php:32) in /data/html/hcmadras/config/dbconfig.php on line 9
[29-May-2026 13:34:53 Asia/Kolkata] PHP Warning:  Cannot modify header information - headers already sent by (output started at /data/html/hcmadras/header.php:32) in /data/html/hcmadras/config/dbconfig.php on line 10
[29-May-2026 13:34:53 Asia/Kolkata] PHP Warning:  Cannot modify header information - headers already sent by (output started at /data/html/hcmadras/header.php:32) in /data/html/hcmadras/config/dbconfig.php on line 11
[29-May-2026 13:34:53 Asia/Kolkata] PHP Warning:  Cannot modify header information - headers already sent by (output started at /data/html/hcmadras/header.php:32) in /data/html/hcmadras/config/dbconfig.php on line 21
[29-May-2026 13:34:53 Asia/Kolkata] PHP Warning:  ini_set() [<a href='0function.ini-set'>function.ini-set</a>]: Session ini settings cannot be changed after headers have already been sent in /data/html/hcmadras/config/dbconfig.php on line 22
[29-May-2026 13:34:53 Asia/Kolkata] PHP Warning:  ini_set() [<a href='0function.ini-set'>function.ini-set</a>]: Session ini settings cannot be changed after headers have already been sent in /data/html/hcmadras/config/dbconfig.php on line 23
[29-May-2026 13:34:53 Asia/Kolkata] PHP Warning:  ini_set() [<a href='0function.ini-set'>function.ini-set</a>]: Session ini settings cannot be changed after headers have already been sent in /data/html/hcmadras/config/dbconfig.php on line 24
Fatal Error: Array
(
    [type] => 2
    [message] => ini_set() [<a href='0function.ini-set'>function.ini-set</a>]: Session ini settings cannot be changed after headers have already been sent
    [file] => /data/html/hcmadras/config/dbconfig.php
    [line] => 24
)
Fatal Error: Array
(
    [type] => 2
    [message] => ini_set() [<a href='0function.ini-set'>function.ini-set</a>]: Session ini settings cannot be changed after headers have already been sent
    [file] => /data/html/hcmadras/config/dbconfig.php
    [line] => 24
)
[12-Jun-2026 19:00:08 Asia/Kolkata] PHP Warning:  ini_set(): Session ini settings cannot be changed when a session is active in /data/html/hcmadras/config/dbconfig.php on line 22
[12-Jun-2026 19:00:08 Asia/Kolkata] PHP Warning:  ini_set(): Session ini settings cannot be changed when a session is active in /data/html/hcmadras/config/dbconfig.php on line 23
[12-Jun-2026 19:00:08 Asia/Kolkata] PHP Warning:  ini_set(): Session ini settings cannot be changed when a session is active in /data/html/hcmadras/config/dbconfig.php on line 24
[12-Jun-2026 19:00:08 Asia/Kolkata] PHP Warning:  Cannot modify header information - headers already sent by (output started at /data/html/hcmadras/header.php:32) in /data/html/hcmadras/config/dbconfig.php on line 5
[12-Jun-2026 19:00:08 Asia/Kolkata] PHP Warning:  Cannot modify header information - headers already sent by (output started at /data/html/hcmadras/header.php:32) in /data/html/hcmadras/config/dbconfig.php on line 6
[12-Jun-2026 19:00:08 Asia/Kolkata] PHP Warning:  Cannot modify header information - headers already sent by (output started at /data/html/hcmadras/header.php:32) in /data/html/hcmadras/config/dbconfig.php on line 7
[12-Jun-2026 19:00:08 Asia/Kolkata] PHP Warning:  Cannot modify header information - headers already sent by (output started at /data/html/hcmadras/header.php:32) in /data/html/hcmadras/config/dbconfig.php on line 8
[12-Jun-2026 19:00:08 Asia/Kolkata] PHP Warning:  Cannot modify header information - headers already sent by (output started at /data/html/hcmadras/header.php:32) in /data/html/hcmadras/config/dbconfig.php on line 9
[12-Jun-2026 19:00:08 Asia/Kolkata] PHP Warning:  Cannot modify header information - headers already sent by (output started at /data/html/hcmadras/header.php:32) in /data/html/hcmadras/config/dbconfig.php on line 10
[12-Jun-2026 19:00:08 Asia/Kolkata] PHP Warning:  Cannot modify header information - headers already sent by (output started at /data/html/hcmadras/header.php:32) in /data/html/hcmadras/config/dbconfig.php on line 11
[12-Jun-2026 19:00:08 Asia/Kolkata] PHP Warning:  Cannot modify header information - headers already sent by (output started at /data/html/hcmadras/header.php:32) in /data/html/hcmadras/config/dbconfig.php on line 21
[12-Jun-2026 19:00:08 Asia/Kolkata] PHP Warning:  ini_set() [<a href='0function.ini-set'>function.ini-set</a>]: Session ini settings cannot be changed after headers have already been sent in /data/html/hcmadras/config/dbconfig.php on line 22
[12-Jun-2026 19:00:08 Asia/Kolkata] PHP Warning:  ini_set() [<a href='0function.ini-set'>function.ini-set</a>]: Session ini settings cannot be changed after headers have already been sent in /data/html/hcmadras/config/dbconfig.php on line 23
[12-Jun-2026 19:00:08 Asia/Kolkata] PHP Warning:  ini_set() [<a href='0function.ini-set'>function.ini-set</a>]: Session ini settings cannot be changed after headers have already been sent in /data/html/hcmadras/config/dbconfig.php on line 24
[12-Jun-2026 19:00:08 Asia/Kolkata] PHP Deprecated:  uasort() [<a href='0function.uasort'>function.uasort</a>]: Returning bool from comparison function is deprecated, return an integer less than, equal to, or greater than zero in /data/html/hcmadras/menu.php on line 83
[12-Jun-2026 19:00:08 Asia/Kolkata] PHP Deprecated:  uasort() [<a href='0function.uasort'>function.uasort</a>]: Returning bool from comparison function is deprecated, return an integer less than, equal to, or greater than zero in /data/html/hcmadras/menu.php on line 90
[12-Jun-2026 19:00:08 Asia/Kolkata] PHP Deprecated:  uasort() [<a href='0function.uasort'>function.uasort</a>]: Returning bool from comparison function is deprecated, return an integer less than, equal to, or greater than zero in /data/html/hcmadras/menu.php on line 96
[12-Jun-2026 19:00:08 Asia/Kolkata] PHP Warning:  Undefined variable $no in /data/html/hcmadras/menu.php on line 164
[12-Jun-2026 19:00:08 Asia/Kolkata] PHP Warning:  Cannot modify header information - headers already sent by (output started at /data/html/hcmadras/header.php:32) in /data/html/hcmadras/config/dbconfig.php on line 5
[12-Jun-2026 19:00:08 Asia/Kolkata] PHP Warning:  Cannot modify header information - headers already sent by (output started at /data/html/hcmadras/header.php:32) in /data/html/hcmadras/config/dbconfig.php on line 6
[12-Jun-2026 19:00:08 Asia/Kolkata] PHP Warning:  Cannot modify header information - headers already sent by (output started at /data/html/hcmadras/header.php:32) in /data/html/hcmadras/config/dbconfig.php on line 7
[12-Jun-2026 19:00:08 Asia/Kolkata] PHP Warning:  Cannot modify header information - headers already sent by (output started at /data/html/hcmadras/header.php:32) in /data/html/hcmadras/config/dbconfig.php on line 8
[12-Jun-2026 19:00:08 Asia/Kolkata] PHP Warning:  Cannot modify header information - headers already sent by (output started at /data/html/hcmadras/header.php:32) in /data/html/hcmadras/config/dbconfig.php on line 9
[12-Jun-2026 19:00:08 Asia/Kolkata] PHP Warning:  Cannot modify header information - headers already sent by (output started at /data/html/hcmadras/header.php:32) in /data/html/hcmadras/config/dbconfig.php on line 10
[12-Jun-2026 19:00:08 Asia/Kolkata] PHP Warning:  Cannot modify header information - headers already sent by (output started at /data/html/hcmadras/header.php:32) in /data/html/hcmadras/config/dbconfig.php on line 11
[12-Jun-2026 19:00:08 Asia/Kolkata] PHP Warning:  Cannot modify header information - headers already sent by (output started at /data/html/hcmadras/header.php:32) in /data/html/hcmadras/config/dbconfig.php on line 21
[12-Jun-2026 19:00:08 Asia/Kolkata] PHP Warning:  ini_set() [<a href='0function.ini-set'>function.ini-set</a>]: Session ini settings cannot be changed after headers have already been sent in /data/html/hcmadras/config/dbconfig.php on line 22
[12-Jun-2026 19:00:08 Asia/Kolkata] PHP Warning:  ini_set() [<a href='0function.ini-set'>function.ini-set</a>]: Session ini settings cannot be changed after headers have already been sent in /data/html/hcmadras/config/dbconfig.php on line 23
[12-Jun-2026 19:00:08 Asia/Kolkata] PHP Warning:  ini_set() [<a href='0function.ini-set'>function.ini-set</a>]: Session ini settings cannot be changed after headers have already been sent in /data/html/hcmadras/config/dbconfig.php on line 24
[12-Jun-2026 19:00:08 Asia/Kolkata] PHP Deprecated:  uasort() [<a href='0function.uasort'>function.uasort</a>]: Returning bool from comparison function is deprecated, return an integer less than, equal to, or greater than zero in /data/html/hcmadras/menu_s.php on line 80
[12-Jun-2026 19:00:08 Asia/Kolkata] PHP Deprecated:  uasort() [<a href='0function.uasort'>function.uasort</a>]: Returning bool from comparison function is deprecated, return an integer less than, equal to, or greater than zero in /data/html/hcmadras/menu_s.php on line 87
[12-Jun-2026 19:00:08 Asia/Kolkata] PHP Deprecated:  uasort() [<a href='0function.uasort'>function.uasort</a>]: Returning bool from comparison function is deprecated, return an integer less than, equal to, or greater than zero in /data/html/hcmadras/menu_s.php on line 93
[12-Jun-2026 19:00:08 Asia/Kolkata] PHP Warning:  Undefined variable $no in /data/html/hcmadras/menu_s.php on line 150
[12-Jun-2026 19:00:08 Asia/Kolkata] PHP Warning:  Cannot modify header information - headers already sent by (output started at /data/html/hcmadras/header.php:32) in /data/html/hcmadras/config/dbconfig.php on line 5
[12-Jun-2026 19:00:08 Asia/Kolkata] PHP Warning:  Cannot modify header information - headers already sent by (output started at /data/html/hcmadras/header.php:32) in /data/html/hcmadras/config/dbconfig.php on line 6
[12-Jun-2026 19:00:08 Asia/Kolkata] PHP Warning:  Cannot modify header information - headers already sent by (output started at /data/html/hcmadras/header.php:32) in /data/html/hcmadras/config/dbconfig.php on line 7
[12-Jun-2026 19:00:08 Asia/Kolkata] PHP Warning:  Cannot modify header information - headers already sent by (output started at /data/html/hcmadras/header.php:32) in /data/html/hcmadras/config/dbconfig.php on line 8
[12-Jun-2026 19:00:08 Asia/Kolkata] PHP Warning:  Cannot modify header information - headers already sent by (output started at /data/html/hcmadras/header.php:32) in /data/html/hcmadras/config/dbconfig.php on line 9
[12-Jun-2026 19:00:08 Asia/Kolkata] PHP Warning:  Cannot modify header information - headers already sent by (output started at /data/html/hcmadras/header.php:32) in /data/html/hcmadras/config/dbconfig.php on line 10
[12-Jun-2026 19:00:08 Asia/Kolkata] PHP Warning:  Cannot modify header information - headers already sent by (output started at /data/html/hcmadras/header.php:32) in /data/html/hcmadras/config/dbconfig.php on line 11
[12-Jun-2026 19:00:08 Asia/Kolkata] PHP Warning:  Cannot modify header information - headers already sent by (output started at /data/html/hcmadras/header.php:32) in /data/html/hcmadras/config/dbconfig.php on line 21
[12-Jun-2026 19:00:08 Asia/Kolkata] PHP Warning:  ini_set() [<a href='0function.ini-set'>function.ini-set</a>]: Session ini settings cannot be changed after headers have already been sent in /data/html/hcmadras/config/dbconfig.php on line 22
[12-Jun-2026 19:00:08 Asia/Kolkata] PHP Warning:  ini_set() [<a href='0function.ini-set'>function.ini-set</a>]: Session ini settings cannot be changed after headers have already been sent in /data/html/hcmadras/config/dbconfig.php on line 23
[12-Jun-2026 19:00:08 Asia/Kolkata] PHP Warning:  ini_set() [<a href='0function.ini-set'>function.ini-set</a>]: Session ini settings cannot be changed after headers have already been sent in /data/html/hcmadras/config/dbconfig.php on line 24
[12-Jun-2026 19:00:09 Asia/Kolkata] PHP Warning:  Cannot modify header information - headers already sent by (output started at /data/html/hcmadras/header.php:32) in /data/html/hcmadras/config/dbconfig.php on line 5
[12-Jun-2026 19:00:09 Asia/Kolkata] PHP Warning:  Cannot modify header information - headers already sent by (output started at /data/html/hcmadras/header.php:32) in /data/html/hcmadras/config/dbconfig.php on line 6
[12-Jun-2026 19:00:09 Asia/Kolkata] PHP Warning:  Cannot modify header information - headers already sent by (output started at /data/html/hcmadras/header.php:32) in /data/html/hcmadras/config/dbconfig.php on line 7
[12-Jun-2026 19:00:09 Asia/Kolkata] PHP Warning:  Cannot modify header information - headers already sent by (output started at /data/html/hcmadras/header.php:32) in /data/html/hcmadras/config/dbconfig.php on line 8
[12-Jun-2026 19:00:09 Asia/Kolkata] PHP Warning:  Cannot modify header information - headers already sent by (output started at /data/html/hcmadras/header.php:32) in /data/html/hcmadras/config/dbconfig.php on line 9
[12-Jun-2026 19:00:09 Asia/Kolkata] PHP Warning:  Cannot modify header information - headers already sent by (output started at /data/html/hcmadras/header.php:32) in /data/html/hcmadras/config/dbconfig.php on line 10
[12-Jun-2026 19:00:09 Asia/Kolkata] PHP Warning:  Cannot modify header information - headers already sent by (output started at /data/html/hcmadras/header.php:32) in /data/html/hcmadras/config/dbconfig.php on line 11
[12-Jun-2026 19:00:09 Asia/Kolkata] PHP Warning:  Cannot modify header information - headers already sent by (output started at /data/html/hcmadras/header.php:32) in /data/html/hcmadras/config/dbconfig.php on line 21
[12-Jun-2026 19:00:09 Asia/Kolkata] PHP Warning:  ini_set() [<a href='0function.ini-set'>function.ini-set</a>]: Session ini settings cannot be changed after headers have already been sent in /data/html/hcmadras/config/dbconfig.php on line 22
[12-Jun-2026 19:00:09 Asia/Kolkata] PHP Warning:  ini_set() [<a href='0function.ini-set'>function.ini-set</a>]: Session ini settings cannot be changed after headers have already been sent in /data/html/hcmadras/config/dbconfig.php on line 23
[12-Jun-2026 19:00:09 Asia/Kolkata] PHP Warning:  ini_set() [<a href='0function.ini-set'>function.ini-set</a>]: Session ini settings cannot be changed after headers have already been sent in /data/html/hcmadras/config/dbconfig.php on line 24
[12-Jun-2026 19:00:09 Asia/Kolkata] PHP Parse error:  syntax error, unexpected token "<" in /data/html/hcmadras/sidebar_r1.php on line 232
Fatal Error: Array
(
    [type] => 4
    [message] => syntax error, unexpected token "<"
    [file] => /data/html/hcmadras/sidebar_r1.php
    [line] => 232
)
[12-Jun-2026 19:01:50 Asia/Kolkata] PHP Warning:  ini_set(): Session ini settings cannot be changed when a session is active in /data/html/hcmadras/config/dbconfig.php on line 22
[12-Jun-2026 19:01:50 Asia/Kolkata] PHP Warning:  ini_set(): Session ini settings cannot be changed when a session is active in /data/html/hcmadras/config/dbconfig.php on line 23
[12-Jun-2026 19:01:50 Asia/Kolkata] PHP Warning:  ini_set(): Session ini settings cannot be changed when a session is active in /data/html/hcmadras/config/dbconfig.php on line 24
[12-Jun-2026 19:01:50 Asia/Kolkata] PHP Warning:  Cannot modify header information - headers already sent by (output started at /data/html/hcmadras/header.php:32) in /data/html/hcmadras/config/dbconfig.php on line 5
[12-Jun-2026 19:01:50 Asia/Kolkata] PHP Warning:  Cannot modify header information - headers already sent by (output started at /data/html/hcmadras/header.php:32) in /data/html/hcmadras/config/dbconfig.php on line 6
[12-Jun-2026 19:01:50 Asia/Kolkata] PHP Warning:  Cannot modify header information - headers already sent by (output started at /data/html/hcmadras/header.php:32) in /data/html/hcmadras/config/dbconfig.php on line 7
[12-Jun-2026 19:01:50 Asia/Kolkata] PHP Warning:  Cannot modify header information - headers already sent by (output started at /data/html/hcmadras/header.php:32) in /data/html/hcmadras/config/dbconfig.php on line 8
[12-Jun-2026 19:01:50 Asia/Kolkata] PHP Warning:  Cannot modify header information - headers already sent by (output started at /data/html/hcmadras/header.php:32) in /data/html/hcmadras/config/dbconfig.php on line 9
[12-Jun-2026 19:01:50 Asia/Kolkata] PHP Warning:  Cannot modify header information - headers already sent by (output started at /data/html/hcmadras/header.php:32) in /data/html/hcmadras/config/dbconfig.php on line 10
[12-Jun-2026 19:01:50 Asia/Kolkata] PHP Warning:  Cannot modify header information - headers already sent by (output started at /data/html/hcmadras/header.php:32) in /data/html/hcmadras/config/dbconfig.php on line 11
[12-Jun-2026 19:01:50 Asia/Kolkata] PHP Warning:  Cannot modify header information - headers already sent by (output started at /data/html/hcmadras/header.php:32) in /data/html/hcmadras/config/dbconfig.php on line 21
[12-Jun-2026 19:01:50 Asia/Kolkata] PHP Warning:  ini_set() [<a href='0function.ini-set'>function.ini-set</a>]: Session ini settings cannot be changed after headers have already been sent in /data/html/hcmadras/config/dbconfig.php on line 22
[12-Jun-2026 19:01:50 Asia/Kolkata] PHP Warning:  ini_set() [<a href='0function.ini-set'>function.ini-set</a>]: Session ini settings cannot be changed after headers have already been sent in /data/html/hcmadras/config/dbconfig.php on line 23
[12-Jun-2026 19:01:50 Asia/Kolkata] PHP Warning:  ini_set() [<a href='0function.ini-set'>function.ini-set</a>]: Session ini settings cannot be changed after headers have already been sent in /data/html/hcmadras/config/dbconfig.php on line 24
[12-Jun-2026 19:01:50 Asia/Kolkata] PHP Deprecated:  uasort() [<a href='0function.uasort'>function.uasort</a>]: Returning bool from comparison function is deprecated, return an integer less than, equal to, or greater than zero in /data/html/hcmadras/menu.php on line 83
[12-Jun-2026 19:01:50 Asia/Kolkata] PHP Deprecated:  uasort() [<a href='0function.uasort'>function.uasort</a>]: Returning bool from comparison function is deprecated, return an integer less than, equal to, or greater than zero in /data/html/hcmadras/menu.php on line 90
[12-Jun-2026 19:01:50 Asia/Kolkata] PHP Deprecated:  uasort() [<a href='0function.uasort'>function.uasort</a>]: Returning bool from comparison function is deprecated, return an integer less than, equal to, or greater than zero in /data/html/hcmadras/menu.php on line 96
[12-Jun-2026 19:01:50 Asia/Kolkata] PHP Warning:  Undefined variable $no in /data/html/hcmadras/menu.php on line 164
[12-Jun-2026 19:01:50 Asia/Kolkata] PHP Warning:  Cannot modify header information - headers already sent by (output started at /data/html/hcmadras/header.php:32) in /data/html/hcmadras/config/dbconfig.php on line 5
[12-Jun-2026 19:01:50 Asia/Kolkata] PHP Warning:  Cannot modify header information - headers already sent by (output started at /data/html/hcmadras/header.php:32) in /data/html/hcmadras/config/dbconfig.php on line 6
[12-Jun-2026 19:01:50 Asia/Kolkata] PHP Warning:  Cannot modify header information - headers already sent by (output started at /data/html/hcmadras/header.php:32) in /data/html/hcmadras/config/dbconfig.php on line 7
[12-Jun-2026 19:01:50 Asia/Kolkata] PHP Warning:  Cannot modify header information - headers already sent by (output started at /data/html/hcmadras/header.php:32) in /data/html/hcmadras/config/dbconfig.php on line 8
[12-Jun-2026 19:01:50 Asia/Kolkata] PHP Warning:  Cannot modify header information - headers already sent by (output started at /data/html/hcmadras/header.php:32) in /data/html/hcmadras/config/dbconfig.php on line 9
[12-Jun-2026 19:01:50 Asia/Kolkata] PHP Warning:  Cannot modify header information - headers already sent by (output started at /data/html/hcmadras/header.php:32) in /data/html/hcmadras/config/dbconfig.php on line 10
[12-Jun-2026 19:01:50 Asia/Kolkata] PHP Warning:  Cannot modify header information - headers already sent by (output started at /data/html/hcmadras/header.php:32) in /data/html/hcmadras/config/dbconfig.php on line 11
[12-Jun-2026 19:01:50 Asia/Kolkata] PHP Warning:  Cannot modify header information - headers already sent by (output started at /data/html/hcmadras/header.php:32) in /data/html/hcmadras/config/dbconfig.php on line 21
[12-Jun-2026 19:01:50 Asia/Kolkata] PHP Warning:  ini_set() [<a href='0function.ini-set'>function.ini-set</a>]: Session ini settings cannot be changed after headers have already been sent in /data/html/hcmadras/config/dbconfig.php on line 22
[12-Jun-2026 19:01:50 Asia/Kolkata] PHP Warning:  ini_set() [<a href='0function.ini-set'>function.ini-set</a>]: Session ini settings cannot be changed after headers have already been sent in /data/html/hcmadras/config/dbconfig.php on line 23
[12-Jun-2026 19:01:50 Asia/Kolkata] PHP Warning:  ini_set() [<a href='0function.ini-set'>function.ini-set</a>]: Session ini settings cannot be changed after headers have already been sent in /data/html/hcmadras/config/dbconfig.php on line 24
[12-Jun-2026 19:01:50 Asia/Kolkata] PHP Deprecated:  uasort() [<a href='0function.uasort'>function.uasort</a>]: Returning bool from comparison function is deprecated, return an integer less than, equal to, or greater than zero in /data/html/hcmadras/menu_s.php on line 80
[12-Jun-2026 19:01:50 Asia/Kolkata] PHP Deprecated:  uasort() [<a href='0function.uasort'>function.uasort</a>]: Returning bool from comparison function is deprecated, return an integer less than, equal to, or greater than zero in /data/html/hcmadras/menu_s.php on line 87
[12-Jun-2026 19:01:50 Asia/Kolkata] PHP Deprecated:  uasort() [<a href='0function.uasort'>function.uasort</a>]: Returning bool from comparison function is deprecated, return an integer less than, equal to, or greater than zero in /data/html/hcmadras/menu_s.php on line 93
[12-Jun-2026 19:01:50 Asia/Kolkata] PHP Warning:  Undefined variable $no in /data/html/hcmadras/menu_s.php on line 150
[12-Jun-2026 19:01:50 Asia/Kolkata] PHP Warning:  Cannot modify header information - headers already sent by (output started at /data/html/hcmadras/header.php:32) in /data/html/hcmadras/config/dbconfig.php on line 5
[12-Jun-2026 19:01:50 Asia/Kolkata] PHP Warning:  Cannot modify header information - headers already sent by (output started at /data/html/hcmadras/header.php:32) in /data/html/hcmadras/config/dbconfig.php on line 6
[12-Jun-2026 19:01:50 Asia/Kolkata] PHP Warning:  Cannot modify header information - headers already sent by (output started at /data/html/hcmadras/header.php:32) in /data/html/hcmadras/config/dbconfig.php on line 7
[12-Jun-2026 19:01:50 Asia/Kolkata] PHP Warning:  Cannot modify header information - headers already sent by (output started at /data/html/hcmadras/header.php:32) in /data/html/hcmadras/config/dbconfig.php on line 8
[12-Jun-2026 19:01:50 Asia/Kolkata] PHP Warning:  Cannot modify header information - headers already sent by (output started at /data/html/hcmadras/header.php:32) in /data/html/hcmadras/config/dbconfig.php on line 9
[12-Jun-2026 19:01:50 Asia/Kolkata] PHP Warning:  Cannot modify header information - headers already sent by (output started at /data/html/hcmadras/header.php:32) in /data/html/hcmadras/config/dbconfig.php on line 10
[12-Jun-2026 19:01:50 Asia/Kolkata] PHP Warning:  Cannot modify header information - headers already sent by (output started at /data/html/hcmadras/header.php:32) in /data/html/hcmadras/config/dbconfig.php on line 11
[12-Jun-2026 19:01:50 Asia/Kolkata] PHP Warning:  Cannot modify header information - headers already sent by (output started at /data/html/hcmadras/header.php:32) in /data/html/hcmadras/config/dbconfig.php on line 21
[12-Jun-2026 19:01:50 Asia/Kolkata] PHP Warning:  ini_set() [<a href='0function.ini-set'>function.ini-set</a>]: Session ini settings cannot be changed after headers have already been sent in /data/html/hcmadras/config/dbconfig.php on line 22
[12-Jun-2026 19:01:50 Asia/Kolkata] PHP Warning:  ini_set() [<a href='0function.ini-set'>function.ini-set</a>]: Session ini settings cannot be changed after headers have already been sent in /data/html/hcmadras/config/dbconfig.php on line 23
[12-Jun-2026 19:01:50 Asia/Kolkata] PHP Warning:  ini_set() [<a href='0function.ini-set'>function.ini-set</a>]: Session ini settings cannot be changed after headers have already been sent in /data/html/hcmadras/config/dbconfig.php on line 24
[12-Jun-2026 19:01:50 Asia/Kolkata] PHP Warning:  pg_prepare() [<a href='0function.pg-prepare'>function.pg-prepare</a>]: Query failed: ERROR:  prepared statement &quot;params&quot; already exists in /data/html/hcmadras/index_data.php on line 244
[12-Jun-2026 19:01:50 Asia/Kolkata] PHP Warning:  Cannot modify header information - headers already sent by (output started at /data/html/hcmadras/header.php:32) in /data/html/hcmadras/config/dbconfig.php on line 5
[12-Jun-2026 19:01:50 Asia/Kolkata] PHP Warning:  Cannot modify header information - headers already sent by (output started at /data/html/hcmadras/header.php:32) in /data/html/hcmadras/config/dbconfig.php on line 6
[12-Jun-2026 19:01:50 Asia/Kolkata] PHP Warning:  Cannot modify header information - headers already sent by (output started at /data/html/hcmadras/header.php:32) in /data/html/hcmadras/config/dbconfig.php on line 7
[12-Jun-2026 19:01:50 Asia/Kolkata] PHP Warning:  Cannot modify header information - headers already sent by (output started at /data/html/hcmadras/header.php:32) in /data/html/hcmadras/config/dbconfig.php on line 8
[12-Jun-2026 19:01:50 Asia/Kolkata] PHP Warning:  Cannot modify header information - headers already sent by (output started at /data/html/hcmadras/header.php:32) in /data/html/hcmadras/config/dbconfig.php on line 9
[12-Jun-2026 19:01:50 Asia/Kolkata] PHP Warning:  Cannot modify header information - headers already sent by (output started at /data/html/hcmadras/header.php:32) in /data/html/hcmadras/config/dbconfig.php on line 10
[12-Jun-2026 19:01:50 Asia/Kolkata] PHP Warning:  Cannot modify header information - headers already sent by (output started at /data/html/hcmadras/header.php:32) in /data/html/hcmadras/config/dbconfig.php on line 11
[12-Jun-2026 19:01:50 Asia/Kolkata] PHP Warning:  Cannot modify header information - headers already sent by (output started at /data/html/hcmadras/header.php:32) in /data/html/hcmadras/config/dbconfig.php on line 21
[12-Jun-2026 19:01:50 Asia/Kolkata] PHP Warning:  ini_set() [<a href='0function.ini-set'>function.ini-set</a>]: Session ini settings cannot be changed after headers have already been sent in /data/html/hcmadras/config/dbconfig.php on line 22
[12-Jun-2026 19:01:50 Asia/Kolkata] PHP Warning:  ini_set() [<a href='0function.ini-set'>function.ini-set</a>]: Session ini settings cannot be changed after headers have already been sent in /data/html/hcmadras/config/dbconfig.php on line 23
[12-Jun-2026 19:01:50 Asia/Kolkata] PHP Warning:  ini_set() [<a href='0function.ini-set'>function.ini-set</a>]: Session ini settings cannot be changed after headers have already been sent in /data/html/hcmadras/config/dbconfig.php on line 24
[12-Jun-2026 19:01:50 Asia/Kolkata] PHP Parse error:  syntax error, unexpected token "<" in /data/html/hcmadras/sidebar_r1.php on line 232
Fatal Error: Array
(
    [type] => 4
    [message] => syntax error, unexpected token "<"
    [file] => /data/html/hcmadras/sidebar_r1.php
    [line] => 232
)
[12-Jun-2026 19:02:45 Asia/Kolkata] PHP Warning:  ini_set(): Session ini settings cannot be changed when a session is active in /data/html/hcmadras/config/dbconfig.php on line 22
[12-Jun-2026 19:02:45 Asia/Kolkata] PHP Warning:  ini_set(): Session ini settings cannot be changed when a session is active in /data/html/hcmadras/config/dbconfig.php on line 23
[12-Jun-2026 19:02:45 Asia/Kolkata] PHP Warning:  ini_set(): Session ini settings cannot be changed when a session is active in /data/html/hcmadras/config/dbconfig.php on line 24
[12-Jun-2026 19:02:45 Asia/Kolkata] PHP Warning:  Cannot modify header information - headers already sent by (output started at /data/html/hcmadras/header.php:32) in /data/html/hcmadras/config/dbconfig.php on line 5
[12-Jun-2026 19:02:45 Asia/Kolkata] PHP Warning:  Cannot modify header information - headers already sent by (output started at /data/html/hcmadras/header.php:32) in /data/html/hcmadras/config/dbconfig.php on line 6
[12-Jun-2026 19:02:45 Asia/Kolkata] PHP Warning:  Cannot modify header information - headers already sent by (output started at /data/html/hcmadras/header.php:32) in /data/html/hcmadras/config/dbconfig.php on line 7
[12-Jun-2026 19:02:45 Asia/Kolkata] PHP Warning:  Cannot modify header information - headers already sent by (output started at /data/html/hcmadras/header.php:32) in /data/html/hcmadras/config/dbconfig.php on line 8
[12-Jun-2026 19:02:45 Asia/Kolkata] PHP Warning:  Cannot modify header information - headers already sent by (output started at /data/html/hcmadras/header.php:32) in /data/html/hcmadras/config/dbconfig.php on line 9
[12-Jun-2026 19:02:45 Asia/Kolkata] PHP Warning:  Cannot modify header information - headers already sent by (output started at /data/html/hcmadras/header.php:32) in /data/html/hcmadras/config/dbconfig.php on line 10
[12-Jun-2026 19:02:45 Asia/Kolkata] PHP Warning:  Cannot modify header information - headers already sent by (output started at /data/html/hcmadras/header.php:32) in /data/html/hcmadras/config/dbconfig.php on line 11
[12-Jun-2026 19:02:45 Asia/Kolkata] PHP Warning:  Cannot modify header information - headers already sent by (output started at /data/html/hcmadras/header.php:32) in /data/html/hcmadras/config/dbconfig.php on line 21
[12-Jun-2026 19:02:45 Asia/Kolkata] PHP Warning:  ini_set() [<a href='0function.ini-set'>function.ini-set</a>]: Session ini settings cannot be changed after headers have already been sent in /data/html/hcmadras/config/dbconfig.php on line 22
[12-Jun-2026 19:02:45 Asia/Kolkata] PHP Warning:  ini_set() [<a href='0function.ini-set'>function.ini-set</a>]: Session ini settings cannot be changed after headers have already been sent in /data/html/hcmadras/config/dbconfig.php on line 23
[12-Jun-2026 19:02:45 Asia/Kolkata] PHP Warning:  ini_set() [<a href='0function.ini-set'>function.ini-set</a>]: Session ini settings cannot be changed after headers have already been sent in /data/html/hcmadras/config/dbconfig.php on line 24
[12-Jun-2026 19:02:45 Asia/Kolkata] PHP Deprecated:  uasort() [<a href='0function.uasort'>function.uasort</a>]: Returning bool from comparison function is deprecated, return an integer less than, equal to, or greater than zero in /data/html/hcmadras/menu.php on line 83
[12-Jun-2026 19:02:45 Asia/Kolkata] PHP Deprecated:  uasort() [<a href='0function.uasort'>function.uasort</a>]: Returning bool from comparison function is deprecated, return an integer less than, equal to, or greater than zero in /data/html/hcmadras/menu.php on line 90
[12-Jun-2026 19:02:45 Asia/Kolkata] PHP Deprecated:  uasort() [<a href='0function.uasort'>function.uasort</a>]: Returning bool from comparison function is deprecated, return an integer less than, equal to, or greater than zero in /data/html/hcmadras/menu.php on line 96
[12-Jun-2026 19:02:45 Asia/Kolkata] PHP Warning:  Undefined variable $no in /data/html/hcmadras/menu.php on line 164
[12-Jun-2026 19:02:45 Asia/Kolkata] PHP Warning:  Cannot modify header information - headers already sent by (output started at /data/html/hcmadras/header.php:32) in /data/html/hcmadras/config/dbconfig.php on line 5
[12-Jun-2026 19:02:45 Asia/Kolkata] PHP Warning:  Cannot modify header information - headers already sent by (output started at /data/html/hcmadras/header.php:32) in /data/html/hcmadras/config/dbconfig.php on line 6
[12-Jun-2026 19:02:45 Asia/Kolkata] PHP Warning:  Cannot modify header information - headers already sent by (output started at /data/html/hcmadras/header.php:32) in /data/html/hcmadras/config/dbconfig.php on line 7
[12-Jun-2026 19:02:45 Asia/Kolkata] PHP Warning:  Cannot modify header information - headers already sent by (output started at /data/html/hcmadras/header.php:32) in /data/html/hcmadras/config/dbconfig.php on line 8
[12-Jun-2026 19:02:45 Asia/Kolkata] PHP Warning:  Cannot modify header information - headers already sent by (output started at /data/html/hcmadras/header.php:32) in /data/html/hcmadras/config/dbconfig.php on line 9
[12-Jun-2026 19:02:45 Asia/Kolkata] PHP Warning:  Cannot modify header information - headers already sent by (output started at /data/html/hcmadras/header.php:32) in /data/html/hcmadras/config/dbconfig.php on line 10
[12-Jun-2026 19:02:45 Asia/Kolkata] PHP Warning:  Cannot modify header information - headers already sent by (output started at /data/html/hcmadras/header.php:32) in /data/html/hcmadras/config/dbconfig.php on line 11
[12-Jun-2026 19:02:45 Asia/Kolkata] PHP Warning:  Cannot modify header information - headers already sent by (output started at /data/html/hcmadras/header.php:32) in /data/html/hcmadras/config/dbconfig.php on line 21
[12-Jun-2026 19:02:45 Asia/Kolkata] PHP Warning:  ini_set() [<a href='0function.ini-set'>function.ini-set</a>]: Session ini settings cannot be changed after headers have already been sent in /data/html/hcmadras/config/dbconfig.php on line 22
[12-Jun-2026 19:02:45 Asia/Kolkata] PHP Warning:  ini_set() [<a href='0function.ini-set'>function.ini-set</a>]: Session ini settings cannot be changed after headers have already been sent in /data/html/hcmadras/config/dbconfig.php on line 23
[12-Jun-2026 19:02:45 Asia/Kolkata] PHP Warning:  ini_set() [<a href='0function.ini-set'>function.ini-set</a>]: Session ini settings cannot be changed after headers have already been sent in /data/html/hcmadras/config/dbconfig.php on line 24
[12-Jun-2026 19:02:45 Asia/Kolkata] PHP Deprecated:  uasort() [<a href='0function.uasort'>function.uasort</a>]: Returning bool from comparison function is deprecated, return an integer less than, equal to, or greater than zero in /data/html/hcmadras/menu_s.php on line 80
[12-Jun-2026 19:02:45 Asia/Kolkata] PHP Deprecated:  uasort() [<a href='0function.uasort'>function.uasort</a>]: Returning bool from comparison function is deprecated, return an integer less than, equal to, or greater than zero in /data/html/hcmadras/menu_s.php on line 87
[12-Jun-2026 19:02:45 Asia/Kolkata] PHP Deprecated:  uasort() [<a href='0function.uasort'>function.uasort</a>]: Returning bool from comparison function is deprecated, return an integer less than, equal to, or greater than zero in /data/html/hcmadras/menu_s.php on line 93
[12-Jun-2026 19:02:45 Asia/Kolkata] PHP Warning:  Undefined variable $no in /data/html/hcmadras/menu_s.php on line 150
[12-Jun-2026 19:02:45 Asia/Kolkata] PHP Warning:  Cannot modify header information - headers already sent by (output started at /data/html/hcmadras/header.php:32) in /data/html/hcmadras/config/dbconfig.php on line 5
[12-Jun-2026 19:02:45 Asia/Kolkata] PHP Warning:  Cannot modify header information - headers already sent by (output started at /data/html/hcmadras/header.php:32) in /data/html/hcmadras/config/dbconfig.php on line 6
[12-Jun-2026 19:02:45 Asia/Kolkata] PHP Warning:  Cannot modify header information - headers already sent by (output started at /data/html/hcmadras/header.php:32) in /data/html/hcmadras/config/dbconfig.php on line 7
[12-Jun-2026 19:02:45 Asia/Kolkata] PHP Warning:  Cannot modify header information - headers already sent by (output started at /data/html/hcmadras/header.php:32) in /data/html/hcmadras/config/dbconfig.php on line 8
[12-Jun-2026 19:02:45 Asia/Kolkata] PHP Warning:  Cannot modify header information - headers already sent by (output started at /data/html/hcmadras/header.php:32) in /data/html/hcmadras/config/dbconfig.php on line 9
[12-Jun-2026 19:02:45 Asia/Kolkata] PHP Warning:  Cannot modify header information - headers already sent by (output started at /data/html/hcmadras/header.php:32) in /data/html/hcmadras/config/dbconfig.php on line 10
[12-Jun-2026 19:02:45 Asia/Kolkata] PHP Warning:  Cannot modify header information - headers already sent by (output started at /data/html/hcmadras/header.php:32) in /data/html/hcmadras/config/dbconfig.php on line 11
[12-Jun-2026 19:02:45 Asia/Kolkata] PHP Warning:  Cannot modify header information - headers already sent by (output started at /data/html/hcmadras/header.php:32) in /data/html/hcmadras/config/dbconfig.php on line 21
[12-Jun-2026 19:02:45 Asia/Kolkata] PHP Warning:  ini_set() [<a href='0function.ini-set'>function.ini-set</a>]: Session ini settings cannot be changed after headers have already been sent in /data/html/hcmadras/config/dbconfig.php on line 22
[12-Jun-2026 19:02:45 Asia/Kolkata] PHP Warning:  ini_set() [<a href='0function.ini-set'>function.ini-set</a>]: Session ini settings cannot be changed after headers have already been sent in /data/html/hcmadras/config/dbconfig.php on line 23
[12-Jun-2026 19:02:45 Asia/Kolkata] PHP Warning:  ini_set() [<a href='0function.ini-set'>function.ini-set</a>]: Session ini settings cannot be changed after headers have already been sent in /data/html/hcmadras/config/dbconfig.php on line 24
[12-Jun-2026 19:02:45 Asia/Kolkata] PHP Warning:  pg_prepare() [<a href='0function.pg-prepare'>function.pg-prepare</a>]: Query failed: ERROR:  prepared statement &quot;params&quot; already exists in /data/html/hcmadras/index_data.php on line 244
[12-Jun-2026 19:02:45 Asia/Kolkata] PHP Warning:  Cannot modify header information - headers already sent by (output started at /data/html/hcmadras/header.php:32) in /data/html/hcmadras/config/dbconfig.php on line 5
[12-Jun-2026 19:02:45 Asia/Kolkata] PHP Warning:  Cannot modify header information - headers already sent by (output started at /data/html/hcmadras/header.php:32) in /data/html/hcmadras/config/dbconfig.php on line 6
[12-Jun-2026 19:02:45 Asia/Kolkata] PHP Warning:  Cannot modify header information - headers already sent by (output started at /data/html/hcmadras/header.php:32) in /data/html/hcmadras/config/dbconfig.php on line 7
[12-Jun-2026 19:02:45 Asia/Kolkata] PHP Warning:  Cannot modify header information - headers already sent by (output started at /data/html/hcmadras/header.php:32) in /data/html/hcmadras/config/dbconfig.php on line 8
[12-Jun-2026 19:02:45 Asia/Kolkata] PHP Warning:  Cannot modify header information - headers already sent by (output started at /data/html/hcmadras/header.php:32) in /data/html/hcmadras/config/dbconfig.php on line 9
[12-Jun-2026 19:02:45 Asia/Kolkata] PHP Warning:  Cannot modify header information - headers already sent by (output started at /data/html/hcmadras/header.php:32) in /data/html/hcmadras/config/dbconfig.php on line 10
[12-Jun-2026 19:02:45 Asia/Kolkata] PHP Warning:  Cannot modify header information - headers already sent by (output started at /data/html/hcmadras/header.php:32) in /data/html/hcmadras/config/dbconfig.php on line 11
[12-Jun-2026 19:02:45 Asia/Kolkata] PHP Warning:  Cannot modify header information - headers already sent by (output started at /data/html/hcmadras/header.php:32) in /data/html/hcmadras/config/dbconfig.php on line 21
[12-Jun-2026 19:02:45 Asia/Kolkata] PHP Warning:  ini_set() [<a href='0function.ini-set'>function.ini-set</a>]: Session ini settings cannot be changed after headers have already been sent in /data/html/hcmadras/config/dbconfig.php on line 22
[12-Jun-2026 19:02:45 Asia/Kolkata] PHP Warning:  ini_set() [<a href='0function.ini-set'>function.ini-set</a>]: Session ini settings cannot be changed after headers have already been sent in /data/html/hcmadras/config/dbconfig.php on line 23
[12-Jun-2026 19:02:45 Asia/Kolkata] PHP Warning:  ini_set() [<a href='0function.ini-set'>function.ini-set</a>]: Session ini settings cannot be changed after headers have already been sent in /data/html/hcmadras/config/dbconfig.php on line 24
[12-Jun-2026 19:02:45 Asia/Kolkata] PHP Warning:  Undefined variable $view in /data/html/hcmadras/sidebar_r1.php on line 262
[12-Jun-2026 19:02:45 Asia/Kolkata] PHP Warning:  Undefined variable $view in /data/html/hcmadras/sidebar_r1.php on line 262
[12-Jun-2026 19:02:45 Asia/Kolkata] PHP Warning:  Undefined variable $view in /data/html/hcmadras/sidebar_r1.php on line 262
Fatal Error: Array
(
    [type] => 2
    [message] => Undefined variable $view
    [file] => /data/html/hcmadras/sidebar_r1.php
    [line] => 262
)
[12-Jun-2026 19:03:35 Asia/Kolkata] PHP Warning:  ini_set(): Session ini settings cannot be changed when a session is active in /data/html/hcmadras/config/dbconfig.php on line 22
[12-Jun-2026 19:03:35 Asia/Kolkata] PHP Warning:  ini_set(): Session ini settings cannot be changed when a session is active in /data/html/hcmadras/config/dbconfig.php on line 23
[12-Jun-2026 19:03:35 Asia/Kolkata] PHP Warning:  ini_set(): Session ini settings cannot be changed when a session is active in /data/html/hcmadras/config/dbconfig.php on line 24
[12-Jun-2026 19:03:35 Asia/Kolkata] PHP Warning:  Cannot modify header information - headers already sent by (output started at /data/html/hcmadras/header.php:32) in /data/html/hcmadras/config/dbconfig.php on line 5
[12-Jun-2026 19:03:35 Asia/Kolkata] PHP Warning:  Cannot modify header information - headers already sent by (output started at /data/html/hcmadras/header.php:32) in /data/html/hcmadras/config/dbconfig.php on line 6
[12-Jun-2026 19:03:35 Asia/Kolkata] PHP Warning:  Cannot modify header information - headers already sent by (output started at /data/html/hcmadras/header.php:32) in /data/html/hcmadras/config/dbconfig.php on line 7
[12-Jun-2026 19:03:35 Asia/Kolkata] PHP Warning:  Cannot modify header information - headers already sent by (output started at /data/html/hcmadras/header.php:32) in /data/html/hcmadras/config/dbconfig.php on line 8
[12-Jun-2026 19:03:35 Asia/Kolkata] PHP Warning:  Cannot modify header information - headers already sent by (output started at /data/html/hcmadras/header.php:32) in /data/html/hcmadras/config/dbconfig.php on line 9
[12-Jun-2026 19:03:35 Asia/Kolkata] PHP Warning:  Cannot modify header information - headers already sent by (output started at /data/html/hcmadras/header.php:32) in /data/html/hcmadras/config/dbconfig.php on line 10
[12-Jun-2026 19:03:35 Asia/Kolkata] PHP Warning:  Cannot modify header information - headers already sent by (output started at /data/html/hcmadras/header.php:32) in /data/html/hcmadras/config/dbconfig.php on line 11
[12-Jun-2026 19:03:35 Asia/Kolkata] PHP Warning:  Cannot modify header information - headers already sent by (output started at /data/html/hcmadras/header.php:32) in /data/html/hcmadras/config/dbconfig.php on line 21
[12-Jun-2026 19:03:35 Asia/Kolkata] PHP Warning:  ini_set() [<a href='0function.ini-set'>function.ini-set</a>]: Session ini settings cannot be changed after headers have already been sent in /data/html/hcmadras/config/dbconfig.php on line 22
[12-Jun-2026 19:03:35 Asia/Kolkata] PHP Warning:  ini_set() [<a href='0function.ini-set'>function.ini-set</a>]: Session ini settings cannot be changed after headers have already been sent in /data/html/hcmadras/config/dbconfig.php on line 23
[12-Jun-2026 19:03:35 Asia/Kolkata] PHP Warning:  ini_set() [<a href='0function.ini-set'>function.ini-set</a>]: Session ini settings cannot be changed after headers have already been sent in /data/html/hcmadras/config/dbconfig.php on line 24
[12-Jun-2026 19:03:35 Asia/Kolkata] PHP Deprecated:  uasort() [<a href='0function.uasort'>function.uasort</a>]: Returning bool from comparison function is deprecated, return an integer less than, equal to, or greater than zero in /data/html/hcmadras/menu.php on line 83
[12-Jun-2026 19:03:35 Asia/Kolkata] PHP Deprecated:  uasort() [<a href='0function.uasort'>function.uasort</a>]: Returning bool from comparison function is deprecated, return an integer less than, equal to, or greater than zero in /data/html/hcmadras/menu.php on line 90
[12-Jun-2026 19:03:35 Asia/Kolkata] PHP Deprecated:  uasort() [<a href='0function.uasort'>function.uasort</a>]: Returning bool from comparison function is deprecated, return an integer less than, equal to, or greater than zero in /data/html/hcmadras/menu.php on line 96
[12-Jun-2026 19:03:35 Asia/Kolkata] PHP Warning:  Undefined variable $no in /data/html/hcmadras/menu.php on line 164
[12-Jun-2026 19:03:35 Asia/Kolkata] PHP Warning:  Cannot modify header information - headers already sent by (output started at /data/html/hcmadras/header.php:32) in /data/html/hcmadras/config/dbconfig.php on line 5
[12-Jun-2026 19:03:35 Asia/Kolkata] PHP Warning:  Cannot modify header information - headers already sent by (output started at /data/html/hcmadras/header.php:32) in /data/html/hcmadras/config/dbconfig.php on line 6
[12-Jun-2026 19:03:35 Asia/Kolkata] PHP Warning:  Cannot modify header information - headers already sent by (output started at /data/html/hcmadras/header.php:32) in /data/html/hcmadras/config/dbconfig.php on line 7
[12-Jun-2026 19:03:35 Asia/Kolkata] PHP Warning:  Cannot modify header information - headers already sent by (output started at /data/html/hcmadras/header.php:32) in /data/html/hcmadras/config/dbconfig.php on line 8
[12-Jun-2026 19:03:35 Asia/Kolkata] PHP Warning:  Cannot modify header information - headers already sent by (output started at /data/html/hcmadras/header.php:32) in /data/html/hcmadras/config/dbconfig.php on line 9
[12-Jun-2026 19:03:35 Asia/Kolkata] PHP Warning:  Cannot modify header information - headers already sent by (output started at /data/html/hcmadras/header.php:32) in /data/html/hcmadras/config/dbconfig.php on line 10
[12-Jun-2026 19:03:35 Asia/Kolkata] PHP Warning:  Cannot modify header information - headers already sent by (output started at /data/html/hcmadras/header.php:32) in /data/html/hcmadras/config/dbconfig.php on line 11
[12-Jun-2026 19:03:35 Asia/Kolkata] PHP Warning:  Cannot modify header information - headers already sent by (output started at /data/html/hcmadras/header.php:32) in /data/html/hcmadras/config/dbconfig.php on line 21
[12-Jun-2026 19:03:35 Asia/Kolkata] PHP Warning:  ini_set() [<a href='0function.ini-set'>function.ini-set</a>]: Session ini settings cannot be changed after headers have already been sent in /data/html/hcmadras/config/dbconfig.php on line 22
[12-Jun-2026 19:03:35 Asia/Kolkata] PHP Warning:  ini_set() [<a href='0function.ini-set'>function.ini-set</a>]: Session ini settings cannot be changed after headers have already been sent in /data/html/hcmadras/config/dbconfig.php on line 23
[12-Jun-2026 19:03:35 Asia/Kolkata] PHP Warning:  ini_set() [<a href='0function.ini-set'>function.ini-set</a>]: Session ini settings cannot be changed after headers have already been sent in /data/html/hcmadras/config/dbconfig.php on line 24
[12-Jun-2026 19:03:35 Asia/Kolkata] PHP Deprecated:  uasort() [<a href='0function.uasort'>function.uasort</a>]: Returning bool from comparison function is deprecated, return an integer less than, equal to, or greater than zero in /data/html/hcmadras/menu_s.php on line 80
[12-Jun-2026 19:03:35 Asia/Kolkata] PHP Deprecated:  uasort() [<a href='0function.uasort'>function.uasort</a>]: Returning bool from comparison function is deprecated, return an integer less than, equal to, or greater than zero in /data/html/hcmadras/menu_s.php on line 87
[12-Jun-2026 19:03:35 Asia/Kolkata] PHP Deprecated:  uasort() [<a href='0function.uasort'>function.uasort</a>]: Returning bool from comparison function is deprecated, return an integer less than, equal to, or greater than zero in /data/html/hcmadras/menu_s.php on line 93
[12-Jun-2026 19:03:35 Asia/Kolkata] PHP Warning:  Undefined variable $no in /data/html/hcmadras/menu_s.php on line 150
[12-Jun-2026 19:03:35 Asia/Kolkata] PHP Warning:  Cannot modify header information - headers already sent by (output started at /data/html/hcmadras/header.php:32) in /data/html/hcmadras/config/dbconfig.php on line 5
[12-Jun-2026 19:03:35 Asia/Kolkata] PHP Warning:  Cannot modify header information - headers already sent by (output started at /data/html/hcmadras/header.php:32) in /data/html/hcmadras/config/dbconfig.php on line 6
[12-Jun-2026 19:03:35 Asia/Kolkata] PHP Warning:  Cannot modify header information - headers already sent by (output started at /data/html/hcmadras/header.php:32) in /data/html/hcmadras/config/dbconfig.php on line 7
[12-Jun-2026 19:03:35 Asia/Kolkata] PHP Warning:  Cannot modify header information - headers already sent by (output started at /data/html/hcmadras/header.php:32) in /data/html/hcmadras/config/dbconfig.php on line 8
[12-Jun-2026 19:03:35 Asia/Kolkata] PHP Warning:  Cannot modify header information - headers already sent by (output started at /data/html/hcmadras/header.php:32) in /data/html/hcmadras/config/dbconfig.php on line 9
[12-Jun-2026 19:03:35 Asia/Kolkata] PHP Warning:  Cannot modify header information - headers already sent by (output started at /data/html/hcmadras/header.php:32) in /data/html/hcmadras/config/dbconfig.php on line 10
[12-Jun-2026 19:03:35 Asia/Kolkata] PHP Warning:  Cannot modify header information - headers already sent by (output started at /data/html/hcmadras/header.php:32) in /data/html/hcmadras/config/dbconfig.php on line 11
[12-Jun-2026 19:03:35 Asia/Kolkata] PHP Warning:  Cannot modify header information - headers already sent by (output started at /data/html/hcmadras/header.php:32) in /data/html/hcmadras/config/dbconfig.php on line 21
[12-Jun-2026 19:03:35 Asia/Kolkata] PHP Warning:  ini_set() [<a href='0function.ini-set'>function.ini-set</a>]: Session ini settings cannot be changed after headers have already been sent in /data/html/hcmadras/config/dbconfig.php on line 22
[12-Jun-2026 19:03:35 Asia/Kolkata] PHP Warning:  ini_set() [<a href='0function.ini-set'>function.ini-set</a>]: Session ini settings cannot be changed after headers have already been sent in /data/html/hcmadras/config/dbconfig.php on line 23
[12-Jun-2026 19:03:35 Asia/Kolkata] PHP Warning:  ini_set() [<a href='0function.ini-set'>function.ini-set</a>]: Session ini settings cannot be changed after headers have already been sent in /data/html/hcmadras/config/dbconfig.php on line 24
[12-Jun-2026 19:03:35 Asia/Kolkata] PHP Warning:  Cannot modify header information - headers already sent by (output started at /data/html/hcmadras/header.php:32) in /data/html/hcmadras/config/dbconfig.php on line 5
[12-Jun-2026 19:03:35 Asia/Kolkata] PHP Warning:  Cannot modify header information - headers already sent by (output started at /data/html/hcmadras/header.php:32) in /data/html/hcmadras/config/dbconfig.php on line 6
[12-Jun-2026 19:03:35 Asia/Kolkata] PHP Warning:  Cannot modify header information - headers already sent by (output started at /data/html/hcmadras/header.php:32) in /data/html/hcmadras/config/dbconfig.php on line 7
[12-Jun-2026 19:03:35 Asia/Kolkata] PHP Warning:  Cannot modify header information - headers already sent by (output started at /data/html/hcmadras/header.php:32) in /data/html/hcmadras/config/dbconfig.php on line 8
[12-Jun-2026 19:03:35 Asia/Kolkata] PHP Warning:  Cannot modify header information - headers already sent by (output started at /data/html/hcmadras/header.php:32) in /data/html/hcmadras/config/dbconfig.php on line 9
[12-Jun-2026 19:03:35 Asia/Kolkata] PHP Warning:  Cannot modify header information - headers already sent by (output started at /data/html/hcmadras/header.php:32) in /data/html/hcmadras/config/dbconfig.php on line 10
[12-Jun-2026 19:03:35 Asia/Kolkata] PHP Warning:  Cannot modify header information - headers already sent by (output started at /data/html/hcmadras/header.php:32) in /data/html/hcmadras/config/dbconfig.php on line 11
[12-Jun-2026 19:03:35 Asia/Kolkata] PHP Warning:  Cannot modify header information - headers already sent by (output started at /data/html/hcmadras/header.php:32) in /data/html/hcmadras/config/dbconfig.php on line 21
[12-Jun-2026 19:03:35 Asia/Kolkata] PHP Warning:  ini_set() [<a href='0function.ini-set'>function.ini-set</a>]: Session ini settings cannot be changed after headers have already been sent in /data/html/hcmadras/config/dbconfig.php on line 22
[12-Jun-2026 19:03:35 Asia/Kolkata] PHP Warning:  ini_set() [<a href='0function.ini-set'>function.ini-set</a>]: Session ini settings cannot be changed after headers have already been sent in /data/html/hcmadras/config/dbconfig.php on line 23
[12-Jun-2026 19:03:35 Asia/Kolkata] PHP Warning:  ini_set() [<a href='0function.ini-set'>function.ini-set</a>]: Session ini settings cannot be changed after headers have already been sent in /data/html/hcmadras/config/dbconfig.php on line 24
[12-Jun-2026 19:03:35 Asia/Kolkata] PHP Parse error:  syntax error, unexpected token "<" in /data/html/hcmadras/sidebar_r1.php on line 231
Fatal Error: Array
(
    [type] => 4
    [message] => syntax error, unexpected token "<"
    [file] => /data/html/hcmadras/sidebar_r1.php
    [line] => 231
)
[12-Jun-2026 19:04:25 Asia/Kolkata] PHP Warning:  ini_set(): Session ini settings cannot be changed when a session is active in /data/html/hcmadras/config/dbconfig.php on line 22
[12-Jun-2026 19:04:25 Asia/Kolkata] PHP Warning:  ini_set(): Session ini settings cannot be changed when a session is active in /data/html/hcmadras/config/dbconfig.php on line 23
[12-Jun-2026 19:04:25 Asia/Kolkata] PHP Warning:  ini_set(): Session ini settings cannot be changed when a session is active in /data/html/hcmadras/config/dbconfig.php on line 24
[12-Jun-2026 19:04:25 Asia/Kolkata] PHP Warning:  Cannot modify header information - headers already sent by (output started at /data/html/hcmadras/header.php:32) in /data/html/hcmadras/config/dbconfig.php on line 5
[12-Jun-2026 19:04:25 Asia/Kolkata] PHP Warning:  Cannot modify header information - headers already sent by (output started at /data/html/hcmadras/header.php:32) in /data/html/hcmadras/config/dbconfig.php on line 6
[12-Jun-2026 19:04:25 Asia/Kolkata] PHP Warning:  Cannot modify header information - headers already sent by (output started at /data/html/hcmadras/header.php:32) in /data/html/hcmadras/config/dbconfig.php on line 7
[12-Jun-2026 19:04:25 Asia/Kolkata] PHP Warning:  Cannot modify header information - headers already sent by (output started at /data/html/hcmadras/header.php:32) in /data/html/hcmadras/config/dbconfig.php on line 8
[12-Jun-2026 19:04:25 Asia/Kolkata] PHP Warning:  Cannot modify header information - headers already sent by (output started at /data/html/hcmadras/header.php:32) in /data/html/hcmadras/config/dbconfig.php on line 9
[12-Jun-2026 19:04:25 Asia/Kolkata] PHP Warning:  Cannot modify header information - headers already sent by (output started at /data/html/hcmadras/header.php:32) in /data/html/hcmadras/config/dbconfig.php on line 10
[12-Jun-2026 19:04:25 Asia/Kolkata] PHP Warning:  Cannot modify header information - headers already sent by (output started at /data/html/hcmadras/header.php:32) in /data/html/hcmadras/config/dbconfig.php on line 11
[12-Jun-2026 19:04:25 Asia/Kolkata] PHP Warning:  Cannot modify header information - headers already sent by (output started at /data/html/hcmadras/header.php:32) in /data/html/hcmadras/config/dbconfig.php on line 21
[12-Jun-2026 19:04:25 Asia/Kolkata] PHP Warning:  ini_set() [<a href='0function.ini-set'>function.ini-set</a>]: Session ini settings cannot be changed after headers have already been sent in /data/html/hcmadras/config/dbconfig.php on line 22
[12-Jun-2026 19:04:25 Asia/Kolkata] PHP Warning:  ini_set() [<a href='0function.ini-set'>function.ini-set</a>]: Session ini settings cannot be changed after headers have already been sent in /data/html/hcmadras/config/dbconfig.php on line 23
[12-Jun-2026 19:04:25 Asia/Kolkata] PHP Warning:  ini_set() [<a href='0function.ini-set'>function.ini-set</a>]: Session ini settings cannot be changed after headers have already been sent in /data/html/hcmadras/config/dbconfig.php on line 24
[12-Jun-2026 19:04:26 Asia/Kolkata] PHP Deprecated:  uasort() [<a href='0function.uasort'>function.uasort</a>]: Returning bool from comparison function is deprecated, return an integer less than, equal to, or greater than zero in /data/html/hcmadras/menu.php on line 83
[12-Jun-2026 19:04:26 Asia/Kolkata] PHP Deprecated:  uasort() [<a href='0function.uasort'>function.uasort</a>]: Returning bool from comparison function is deprecated, return an integer less than, equal to, or greater than zero in /data/html/hcmadras/menu.php on line 90
[12-Jun-2026 19:04:26 Asia/Kolkata] PHP Deprecated:  uasort() [<a href='0function.uasort'>function.uasort</a>]: Returning bool from comparison function is deprecated, return an integer less than, equal to, or greater than zero in /data/html/hcmadras/menu.php on line 96
[12-Jun-2026 19:04:26 Asia/Kolkata] PHP Warning:  Undefined variable $no in /data/html/hcmadras/menu.php on line 164
[12-Jun-2026 19:04:26 Asia/Kolkata] PHP Warning:  Cannot modify header information - headers already sent by (output started at /data/html/hcmadras/header.php:32) in /data/html/hcmadras/config/dbconfig.php on line 5
[12-Jun-2026 19:04:26 Asia/Kolkata] PHP Warning:  Cannot modify header information - headers already sent by (output started at /data/html/hcmadras/header.php:32) in /data/html/hcmadras/config/dbconfig.php on line 6
[12-Jun-2026 19:04:26 Asia/Kolkata] PHP Warning:  Cannot modify header information - headers already sent by (output started at /data/html/hcmadras/header.php:32) in /data/html/hcmadras/config/dbconfig.php on line 7
[12-Jun-2026 19:04:26 Asia/Kolkata] PHP Warning:  Cannot modify header information - headers already sent by (output started at /data/html/hcmadras/header.php:32) in /data/html/hcmadras/config/dbconfig.php on line 8
[12-Jun-2026 19:04:26 Asia/Kolkata] PHP Warning:  Cannot modify header information - headers already sent by (output started at /data/html/hcmadras/header.php:32) in /data/html/hcmadras/config/dbconfig.php on line 9
[12-Jun-2026 19:04:26 Asia/Kolkata] PHP Warning:  Cannot modify header information - headers already sent by (output started at /data/html/hcmadras/header.php:32) in /data/html/hcmadras/config/dbconfig.php on line 10
[12-Jun-2026 19:04:26 Asia/Kolkata] PHP Warning:  Cannot modify header information - headers already sent by (output started at /data/html/hcmadras/header.php:32) in /data/html/hcmadras/config/dbconfig.php on line 11
[12-Jun-2026 19:04:26 Asia/Kolkata] PHP Warning:  Cannot modify header information - headers already sent by (output started at /data/html/hcmadras/header.php:32) in /data/html/hcmadras/config/dbconfig.php on line 21
[12-Jun-2026 19:04:26 Asia/Kolkata] PHP Warning:  ini_set() [<a href='0function.ini-set'>function.ini-set</a>]: Session ini settings cannot be changed after headers have already been sent in /data/html/hcmadras/config/dbconfig.php on line 22
[12-Jun-2026 19:04:26 Asia/Kolkata] PHP Warning:  ini_set() [<a href='0function.ini-set'>function.ini-set</a>]: Session ini settings cannot be changed after headers have already been sent in /data/html/hcmadras/config/dbconfig.php on line 23
[12-Jun-2026 19:04:26 Asia/Kolkata] PHP Warning:  ini_set() [<a href='0function.ini-set'>function.ini-set</a>]: Session ini settings cannot be changed after headers have already been sent in /data/html/hcmadras/config/dbconfig.php on line 24
[12-Jun-2026 19:04:26 Asia/Kolkata] PHP Deprecated:  uasort() [<a href='0function.uasort'>function.uasort</a>]: Returning bool from comparison function is deprecated, return an integer less than, equal to, or greater than zero in /data/html/hcmadras/menu_s.php on line 80
[12-Jun-2026 19:04:26 Asia/Kolkata] PHP Deprecated:  uasort() [<a href='0function.uasort'>function.uasort</a>]: Returning bool from comparison function is deprecated, return an integer less than, equal to, or greater than zero in /data/html/hcmadras/menu_s.php on line 87
[12-Jun-2026 19:04:26 Asia/Kolkata] PHP Deprecated:  uasort() [<a href='0function.uasort'>function.uasort</a>]: Returning bool from comparison function is deprecated, return an integer less than, equal to, or greater than zero in /data/html/hcmadras/menu_s.php on line 93
[12-Jun-2026 19:04:26 Asia/Kolkata] PHP Warning:  Undefined variable $no in /data/html/hcmadras/menu_s.php on line 150
[12-Jun-2026 19:04:26 Asia/Kolkata] PHP Warning:  Cannot modify header information - headers already sent by (output started at /data/html/hcmadras/header.php:32) in /data/html/hcmadras/config/dbconfig.php on line 5
[12-Jun-2026 19:04:26 Asia/Kolkata] PHP Warning:  Cannot modify header information - headers already sent by (output started at /data/html/hcmadras/header.php:32) in /data/html/hcmadras/config/dbconfig.php on line 6
[12-Jun-2026 19:04:26 Asia/Kolkata] PHP Warning:  Cannot modify header information - headers already sent by (output started at /data/html/hcmadras/header.php:32) in /data/html/hcmadras/config/dbconfig.php on line 7
[12-Jun-2026 19:04:26 Asia/Kolkata] PHP Warning:  Cannot modify header information - headers already sent by (output started at /data/html/hcmadras/header.php:32) in /data/html/hcmadras/config/dbconfig.php on line 8
[12-Jun-2026 19:04:26 Asia/Kolkata] PHP Warning:  Cannot modify header information - headers already sent by (output started at /data/html/hcmadras/header.php:32) in /data/html/hcmadras/config/dbconfig.php on line 9
[12-Jun-2026 19:04:26 Asia/Kolkata] PHP Warning:  Cannot modify header information - headers already sent by (output started at /data/html/hcmadras/header.php:32) in /data/html/hcmadras/config/dbconfig.php on line 10
[12-Jun-2026 19:04:26 Asia/Kolkata] PHP Warning:  Cannot modify header information - headers already sent by (output started at /data/html/hcmadras/header.php:32) in /data/html/hcmadras/config/dbconfig.php on line 11
[12-Jun-2026 19:04:26 Asia/Kolkata] PHP Warning:  Cannot modify header information - headers already sent by (output started at /data/html/hcmadras/header.php:32) in /data/html/hcmadras/config/dbconfig.php on line 21
[12-Jun-2026 19:04:26 Asia/Kolkata] PHP Warning:  ini_set() [<a href='0function.ini-set'>function.ini-set</a>]: Session ini settings cannot be changed after headers have already been sent in /data/html/hcmadras/config/dbconfig.php on line 22
[12-Jun-2026 19:04:26 Asia/Kolkata] PHP Warning:  ini_set() [<a href='0function.ini-set'>function.ini-set</a>]: Session ini settings cannot be changed after headers have already been sent in /data/html/hcmadras/config/dbconfig.php on line 23
[12-Jun-2026 19:04:26 Asia/Kolkata] PHP Warning:  ini_set() [<a href='0function.ini-set'>function.ini-set</a>]: Session ini settings cannot be changed after headers have already been sent in /data/html/hcmadras/config/dbconfig.php on line 24
[12-Jun-2026 19:04:26 Asia/Kolkata] PHP Warning:  pg_prepare() [<a href='0function.pg-prepare'>function.pg-prepare</a>]: Query failed: ERROR:  prepared statement &quot;params&quot; already exists in /data/html/hcmadras/index_data.php on line 244
[12-Jun-2026 19:04:26 Asia/Kolkata] PHP Warning:  Cannot modify header information - headers already sent by (output started at /data/html/hcmadras/header.php:32) in /data/html/hcmadras/config/dbconfig.php on line 5
[12-Jun-2026 19:04:26 Asia/Kolkata] PHP Warning:  Cannot modify header information - headers already sent by (output started at /data/html/hcmadras/header.php:32) in /data/html/hcmadras/config/dbconfig.php on line 6
[12-Jun-2026 19:04:26 Asia/Kolkata] PHP Warning:  Cannot modify header information - headers already sent by (output started at /data/html/hcmadras/header.php:32) in /data/html/hcmadras/config/dbconfig.php on line 7
[12-Jun-2026 19:04:26 Asia/Kolkata] PHP Warning:  Cannot modify header information - headers already sent by (output started at /data/html/hcmadras/header.php:32) in /data/html/hcmadras/config/dbconfig.php on line 8
[12-Jun-2026 19:04:26 Asia/Kolkata] PHP Warning:  Cannot modify header information - headers already sent by (output started at /data/html/hcmadras/header.php:32) in /data/html/hcmadras/config/dbconfig.php on line 9
[12-Jun-2026 19:04:26 Asia/Kolkata] PHP Warning:  Cannot modify header information - headers already sent by (output started at /data/html/hcmadras/header.php:32) in /data/html/hcmadras/config/dbconfig.php on line 10
[12-Jun-2026 19:04:26 Asia/Kolkata] PHP Warning:  Cannot modify header information - headers already sent by (output started at /data/html/hcmadras/header.php:32) in /data/html/hcmadras/config/dbconfig.php on line 11
[12-Jun-2026 19:04:26 Asia/Kolkata] PHP Warning:  Cannot modify header information - headers already sent by (output started at /data/html/hcmadras/header.php:32) in /data/html/hcmadras/config/dbconfig.php on line 21
[12-Jun-2026 19:04:26 Asia/Kolkata] PHP Warning:  ini_set() [<a href='0function.ini-set'>function.ini-set</a>]: Session ini settings cannot be changed after headers have already been sent in /data/html/hcmadras/config/dbconfig.php on line 22
[12-Jun-2026 19:04:26 Asia/Kolkata] PHP Warning:  ini_set() [<a href='0function.ini-set'>function.ini-set</a>]: Session ini settings cannot be changed after headers have already been sent in /data/html/hcmadras/config/dbconfig.php on line 23
[12-Jun-2026 19:04:26 Asia/Kolkata] PHP Warning:  ini_set() [<a href='0function.ini-set'>function.ini-set</a>]: Session ini settings cannot be changed after headers have already been sent in /data/html/hcmadras/config/dbconfig.php on line 24
Fatal Error: Array
(
    [type] => 2
    [message] => ini_set() [<a href='0function.ini-set'>function.ini-set</a>]: Session ini settings cannot be changed after headers have already been sent
    [file] => /data/html/hcmadras/config/dbconfig.php
    [line] => 24
)
[12-Jun-2026 19:04:56 Asia/Kolkata] PHP Warning:  ini_set(): Session ini settings cannot be changed when a session is active in /data/html/hcmadras/config/dbconfig.php on line 22
[12-Jun-2026 19:04:56 Asia/Kolkata] PHP Warning:  ini_set(): Session ini settings cannot be changed when a session is active in /data/html/hcmadras/config/dbconfig.php on line 23
[12-Jun-2026 19:04:56 Asia/Kolkata] PHP Warning:  ini_set(): Session ini settings cannot be changed when a session is active in /data/html/hcmadras/config/dbconfig.php on line 24
[12-Jun-2026 19:04:56 Asia/Kolkata] PHP Warning:  Cannot modify header information - headers already sent by (output started at /data/html/hcmadras/header.php:32) in /data/html/hcmadras/config/dbconfig.php on line 5
[12-Jun-2026 19:04:56 Asia/Kolkata] PHP Warning:  Cannot modify header information - headers already sent by (output started at /data/html/hcmadras/header.php:32) in /data/html/hcmadras/config/dbconfig.php on line 6
[12-Jun-2026 19:04:56 Asia/Kolkata] PHP Warning:  Cannot modify header information - headers already sent by (output started at /data/html/hcmadras/header.php:32) in /data/html/hcmadras/config/dbconfig.php on line 7
[12-Jun-2026 19:04:56 Asia/Kolkata] PHP Warning:  Cannot modify header information - headers already sent by (output started at /data/html/hcmadras/header.php:32) in /data/html/hcmadras/config/dbconfig.php on line 8
[12-Jun-2026 19:04:56 Asia/Kolkata] PHP Warning:  Cannot modify header information - headers already sent by (output started at /data/html/hcmadras/header.php:32) in /data/html/hcmadras/config/dbconfig.php on line 9
[12-Jun-2026 19:04:56 Asia/Kolkata] PHP Warning:  Cannot modify header information - headers already sent by (output started at /data/html/hcmadras/header.php:32) in /data/html/hcmadras/config/dbconfig.php on line 10
[12-Jun-2026 19:04:56 Asia/Kolkata] PHP Warning:  Cannot modify header information - headers already sent by (output started at /data/html/hcmadras/header.php:32) in /data/html/hcmadras/config/dbconfig.php on line 11
[12-Jun-2026 19:04:56 Asia/Kolkata] PHP Warning:  Cannot modify header information - headers already sent by (output started at /data/html/hcmadras/header.php:32) in /data/html/hcmadras/config/dbconfig.php on line 21
[12-Jun-2026 19:04:56 Asia/Kolkata] PHP Warning:  ini_set() [<a href='0function.ini-set'>function.ini-set</a>]: Session ini settings cannot be changed after headers have already been sent in /data/html/hcmadras/config/dbconfig.php on line 22
[12-Jun-2026 19:04:56 Asia/Kolkata] PHP Warning:  ini_set() [<a href='0function.ini-set'>function.ini-set</a>]: Session ini settings cannot be changed after headers have already been sent in /data/html/hcmadras/config/dbconfig.php on line 23
[12-Jun-2026 19:04:56 Asia/Kolkata] PHP Warning:  ini_set() [<a href='0function.ini-set'>function.ini-set</a>]: Session ini settings cannot be changed after headers have already been sent in /data/html/hcmadras/config/dbconfig.php on line 24
[12-Jun-2026 19:04:56 Asia/Kolkata] PHP Deprecated:  uasort() [<a href='0function.uasort'>function.uasort</a>]: Returning bool from comparison function is deprecated, return an integer less than, equal to, or greater than zero in /data/html/hcmadras/menu.php on line 83
[12-Jun-2026 19:04:56 Asia/Kolkata] PHP Deprecated:  uasort() [<a href='0function.uasort'>function.uasort</a>]: Returning bool from comparison function is deprecated, return an integer less than, equal to, or greater than zero in /data/html/hcmadras/menu.php on line 90
[12-Jun-2026 19:04:56 Asia/Kolkata] PHP Deprecated:  uasort() [<a href='0function.uasort'>function.uasort</a>]: Returning bool from comparison function is deprecated, return an integer less than, equal to, or greater than zero in /data/html/hcmadras/menu.php on line 96
[12-Jun-2026 19:04:56 Asia/Kolkata] PHP Warning:  Undefined variable $no in /data/html/hcmadras/menu.php on line 164
[12-Jun-2026 19:04:56 Asia/Kolkata] PHP Warning:  Cannot modify header information - headers already sent by (output started at /data/html/hcmadras/header.php:32) in /data/html/hcmadras/config/dbconfig.php on line 5
[12-Jun-2026 19:04:56 Asia/Kolkata] PHP Warning:  Cannot modify header information - headers already sent by (output started at /data/html/hcmadras/header.php:32) in /data/html/hcmadras/config/dbconfig.php on line 6
[12-Jun-2026 19:04:56 Asia/Kolkata] PHP Warning:  Cannot modify header information - headers already sent by (output started at /data/html/hcmadras/header.php:32) in /data/html/hcmadras/config/dbconfig.php on line 7
[12-Jun-2026 19:04:56 Asia/Kolkata] PHP Warning:  Cannot modify header information - headers already sent by (output started at /data/html/hcmadras/header.php:32) in /data/html/hcmadras/config/dbconfig.php on line 8
[12-Jun-2026 19:04:56 Asia/Kolkata] PHP Warning:  Cannot modify header information - headers already sent by (output started at /data/html/hcmadras/header.php:32) in /data/html/hcmadras/config/dbconfig.php on line 9
[12-Jun-2026 19:04:56 Asia/Kolkata] PHP Warning:  Cannot modify header information - headers already sent by (output started at /data/html/hcmadras/header.php:32) in /data/html/hcmadras/config/dbconfig.php on line 10
[12-Jun-2026 19:04:56 Asia/Kolkata] PHP Warning:  Cannot modify header information - headers already sent by (output started at /data/html/hcmadras/header.php:32) in /data/html/hcmadras/config/dbconfig.php on line 11
[12-Jun-2026 19:04:56 Asia/Kolkata] PHP Warning:  Cannot modify header information - headers already sent by (output started at /data/html/hcmadras/header.php:32) in /data/html/hcmadras/config/dbconfig.php on line 21
[12-Jun-2026 19:04:56 Asia/Kolkata] PHP Warning:  ini_set() [<a href='0function.ini-set'>function.ini-set</a>]: Session ini settings cannot be changed after headers have already been sent in /data/html/hcmadras/config/dbconfig.php on line 22
[12-Jun-2026 19:04:56 Asia/Kolkata] PHP Warning:  ini_set() [<a href='0function.ini-set'>function.ini-set</a>]: Session ini settings cannot be changed after headers have already been sent in /data/html/hcmadras/config/dbconfig.php on line 23
[12-Jun-2026 19:04:56 Asia/Kolkata] PHP Warning:  ini_set() [<a href='0function.ini-set'>function.ini-set</a>]: Session ini settings cannot be changed after headers have already been sent in /data/html/hcmadras/config/dbconfig.php on line 24
[12-Jun-2026 19:04:56 Asia/Kolkata] PHP Deprecated:  uasort() [<a href='0function.uasort'>function.uasort</a>]: Returning bool from comparison function is deprecated, return an integer less than, equal to, or greater than zero in /data/html/hcmadras/menu_s.php on line 80
[12-Jun-2026 19:04:56 Asia/Kolkata] PHP Deprecated:  uasort() [<a href='0function.uasort'>function.uasort</a>]: Returning bool from comparison function is deprecated, return an integer less than, equal to, or greater than zero in /data/html/hcmadras/menu_s.php on line 87
[12-Jun-2026 19:04:56 Asia/Kolkata] PHP Deprecated:  uasort() [<a href='0function.uasort'>function.uasort</a>]: Returning bool from comparison function is deprecated, return an integer less than, equal to, or greater than zero in /data/html/hcmadras/menu_s.php on line 93
[12-Jun-2026 19:04:56 Asia/Kolkata] PHP Warning:  Undefined variable $no in /data/html/hcmadras/menu_s.php on line 150
[12-Jun-2026 19:04:56 Asia/Kolkata] PHP Warning:  Cannot modify header information - headers already sent by (output started at /data/html/hcmadras/header.php:32) in /data/html/hcmadras/config/dbconfig.php on line 5
[12-Jun-2026 19:04:56 Asia/Kolkata] PHP Warning:  Cannot modify header information - headers already sent by (output started at /data/html/hcmadras/header.php:32) in /data/html/hcmadras/config/dbconfig.php on line 6
[12-Jun-2026 19:04:56 Asia/Kolkata] PHP Warning:  Cannot modify header information - headers already sent by (output started at /data/html/hcmadras/header.php:32) in /data/html/hcmadras/config/dbconfig.php on line 7
[12-Jun-2026 19:04:56 Asia/Kolkata] PHP Warning:  Cannot modify header information - headers already sent by (output started at /data/html/hcmadras/header.php:32) in /data/html/hcmadras/config/dbconfig.php on line 8
[12-Jun-2026 19:04:56 Asia/Kolkata] PHP Warning:  Cannot modify header information - headers already sent by (output started at /data/html/hcmadras/header.php:32) in /data/html/hcmadras/config/dbconfig.php on line 9
[12-Jun-2026 19:04:56 Asia/Kolkata] PHP Warning:  Cannot modify header information - headers already sent by (output started at /data/html/hcmadras/header.php:32) in /data/html/hcmadras/config/dbconfig.php on line 10
[12-Jun-2026 19:04:56 Asia/Kolkata] PHP Warning:  Cannot modify header information - headers already sent by (output started at /data/html/hcmadras/header.php:32) in /data/html/hcmadras/config/dbconfig.php on line 11
[12-Jun-2026 19:04:56 Asia/Kolkata] PHP Warning:  Cannot modify header information - headers already sent by (output started at /data/html/hcmadras/header.php:32) in /data/html/hcmadras/config/dbconfig.php on line 21
[12-Jun-2026 19:04:56 Asia/Kolkata] PHP Warning:  ini_set() [<a href='0function.ini-set'>function.ini-set</a>]: Session ini settings cannot be changed after headers have already been sent in /data/html/hcmadras/config/dbconfig.php on line 22
[12-Jun-2026 19:04:56 Asia/Kolkata] PHP Warning:  ini_set() [<a href='0function.ini-set'>function.ini-set</a>]: Session ini settings cannot be changed after headers have already been sent in /data/html/hcmadras/config/dbconfig.php on line 23
[12-Jun-2026 19:04:56 Asia/Kolkata] PHP Warning:  ini_set() [<a href='0function.ini-set'>function.ini-set</a>]: Session ini settings cannot be changed after headers have already been sent in /data/html/hcmadras/config/dbconfig.php on line 24
[12-Jun-2026 19:04:56 Asia/Kolkata] PHP Warning:  pg_prepare() [<a href='0function.pg-prepare'>function.pg-prepare</a>]: Query failed: ERROR:  prepared statement &quot;params&quot; already exists in /data/html/hcmadras/index_data.php on line 244
[12-Jun-2026 19:04:56 Asia/Kolkata] PHP Warning:  Cannot modify header information - headers already sent by (output started at /data/html/hcmadras/header.php:32) in /data/html/hcmadras/config/dbconfig.php on line 5
[12-Jun-2026 19:04:56 Asia/Kolkata] PHP Warning:  Cannot modify header information - headers already sent by (output started at /data/html/hcmadras/header.php:32) in /data/html/hcmadras/config/dbconfig.php on line 6
[12-Jun-2026 19:04:56 Asia/Kolkata] PHP Warning:  Cannot modify header information - headers already sent by (output started at /data/html/hcmadras/header.php:32) in /data/html/hcmadras/config/dbconfig.php on line 7
[12-Jun-2026 19:04:56 Asia/Kolkata] PHP Warning:  Cannot modify header information - headers already sent by (output started at /data/html/hcmadras/header.php:32) in /data/html/hcmadras/config/dbconfig.php on line 8
[12-Jun-2026 19:04:56 Asia/Kolkata] PHP Warning:  Cannot modify header information - headers already sent by (output started at /data/html/hcmadras/header.php:32) in /data/html/hcmadras/config/dbconfig.php on line 9
[12-Jun-2026 19:04:56 Asia/Kolkata] PHP Warning:  Cannot modify header information - headers already sent by (output started at /data/html/hcmadras/header.php:32) in /data/html/hcmadras/config/dbconfig.php on line 10
[12-Jun-2026 19:04:56 Asia/Kolkata] PHP Warning:  Cannot modify header information - headers already sent by (output started at /data/html/hcmadras/header.php:32) in /data/html/hcmadras/config/dbconfig.php on line 11
[12-Jun-2026 19:04:56 Asia/Kolkata] PHP Warning:  Cannot modify header information - headers already sent by (output started at /data/html/hcmadras/header.php:32) in /data/html/hcmadras/config/dbconfig.php on line 21
[12-Jun-2026 19:04:56 Asia/Kolkata] PHP Warning:  ini_set() [<a href='0function.ini-set'>function.ini-set</a>]: Session ini settings cannot be changed after headers have already been sent in /data/html/hcmadras/config/dbconfig.php on line 22
[12-Jun-2026 19:04:56 Asia/Kolkata] PHP Warning:  ini_set() [<a href='0function.ini-set'>function.ini-set</a>]: Session ini settings cannot be changed after headers have already been sent in /data/html/hcmadras/config/dbconfig.php on line 23
[12-Jun-2026 19:04:56 Asia/Kolkata] PHP Warning:  ini_set() [<a href='0function.ini-set'>function.ini-set</a>]: Session ini settings cannot be changed after headers have already been sent in /data/html/hcmadras/config/dbconfig.php on line 24
Fatal Error: Array
(
    [type] => 2
    [message] => ini_set() [<a href='0function.ini-set'>function.ini-set</a>]: Session ini settings cannot be changed after headers have already been sent
    [file] => /data/html/hcmadras/config/dbconfig.php
    [line] => 24
)
[12-Jun-2026 19:06:08 Asia/Kolkata] PHP Warning:  ini_set(): Session ini settings cannot be changed when a session is active in /data/html/hcmadras/config/dbconfig.php on line 22
[12-Jun-2026 19:06:08 Asia/Kolkata] PHP Warning:  ini_set(): Session ini settings cannot be changed when a session is active in /data/html/hcmadras/config/dbconfig.php on line 23
[12-Jun-2026 19:06:08 Asia/Kolkata] PHP Warning:  ini_set(): Session ini settings cannot be changed when a session is active in /data/html/hcmadras/config/dbconfig.php on line 24
[12-Jun-2026 19:06:08 Asia/Kolkata] PHP Warning:  Cannot modify header information - headers already sent by (output started at /data/html/hcmadras/header.php:32) in /data/html/hcmadras/config/dbconfig.php on line 5
[12-Jun-2026 19:06:08 Asia/Kolkata] PHP Warning:  Cannot modify header information - headers already sent by (output started at /data/html/hcmadras/header.php:32) in /data/html/hcmadras/config/dbconfig.php on line 6
[12-Jun-2026 19:06:08 Asia/Kolkata] PHP Warning:  Cannot modify header information - headers already sent by (output started at /data/html/hcmadras/header.php:32) in /data/html/hcmadras/config/dbconfig.php on line 7
[12-Jun-2026 19:06:08 Asia/Kolkata] PHP Warning:  Cannot modify header information - headers already sent by (output started at /data/html/hcmadras/header.php:32) in /data/html/hcmadras/config/dbconfig.php on line 8
[12-Jun-2026 19:06:08 Asia/Kolkata] PHP Warning:  Cannot modify header information - headers already sent by (output started at /data/html/hcmadras/header.php:32) in /data/html/hcmadras/config/dbconfig.php on line 9
[12-Jun-2026 19:06:08 Asia/Kolkata] PHP Warning:  Cannot modify header information - headers already sent by (output started at /data/html/hcmadras/header.php:32) in /data/html/hcmadras/config/dbconfig.php on line 10
[12-Jun-2026 19:06:08 Asia/Kolkata] PHP Warning:  Cannot modify header information - headers already sent by (output started at /data/html/hcmadras/header.php:32) in /data/html/hcmadras/config/dbconfig.php on line 11
[12-Jun-2026 19:06:08 Asia/Kolkata] PHP Warning:  Cannot modify header information - headers already sent by (output started at /data/html/hcmadras/header.php:32) in /data/html/hcmadras/config/dbconfig.php on line 21
[12-Jun-2026 19:06:08 Asia/Kolkata] PHP Warning:  ini_set() [<a href='0function.ini-set'>function.ini-set</a>]: Session ini settings cannot be changed after headers have already been sent in /data/html/hcmadras/config/dbconfig.php on line 22
[12-Jun-2026 19:06:08 Asia/Kolkata] PHP Warning:  ini_set() [<a href='0function.ini-set'>function.ini-set</a>]: Session ini settings cannot be changed after headers have already been sent in /data/html/hcmadras/config/dbconfig.php on line 23
[12-Jun-2026 19:06:08 Asia/Kolkata] PHP Warning:  ini_set() [<a href='0function.ini-set'>function.ini-set</a>]: Session ini settings cannot be changed after headers have already been sent in /data/html/hcmadras/config/dbconfig.php on line 24
[12-Jun-2026 19:06:08 Asia/Kolkata] PHP Deprecated:  uasort() [<a href='0function.uasort'>function.uasort</a>]: Returning bool from comparison function is deprecated, return an integer less than, equal to, or greater than zero in /data/html/hcmadras/menu.php on line 83
[12-Jun-2026 19:06:08 Asia/Kolkata] PHP Deprecated:  uasort() [<a href='0function.uasort'>function.uasort</a>]: Returning bool from comparison function is deprecated, return an integer less than, equal to, or greater than zero in /data/html/hcmadras/menu.php on line 90
[12-Jun-2026 19:06:08 Asia/Kolkata] PHP Deprecated:  uasort() [<a href='0function.uasort'>function.uasort</a>]: Returning bool from comparison function is deprecated, return an integer less than, equal to, or greater than zero in /data/html/hcmadras/menu.php on line 96
[12-Jun-2026 19:06:08 Asia/Kolkata] PHP Warning:  Undefined variable $no in /data/html/hcmadras/menu.php on line 164
[12-Jun-2026 19:06:08 Asia/Kolkata] PHP Warning:  Cannot modify header information - headers already sent by (output started at /data/html/hcmadras/header.php:32) in /data/html/hcmadras/config/dbconfig.php on line 5
[12-Jun-2026 19:06:08 Asia/Kolkata] PHP Warning:  Cannot modify header information - headers already sent by (output started at /data/html/hcmadras/header.php:32) in /data/html/hcmadras/config/dbconfig.php on line 6
[12-Jun-2026 19:06:08 Asia/Kolkata] PHP Warning:  Cannot modify header information - headers already sent by (output started at /data/html/hcmadras/header.php:32) in /data/html/hcmadras/config/dbconfig.php on line 7
[12-Jun-2026 19:06:08 Asia/Kolkata] PHP Warning:  Cannot modify header information - headers already sent by (output started at /data/html/hcmadras/header.php:32) in /data/html/hcmadras/config/dbconfig.php on line 8
[12-Jun-2026 19:06:08 Asia/Kolkata] PHP Warning:  Cannot modify header information - headers already sent by (output started at /data/html/hcmadras/header.php:32) in /data/html/hcmadras/config/dbconfig.php on line 9
[12-Jun-2026 19:06:08 Asia/Kolkata] PHP Warning:  Cannot modify header information - headers already sent by (output started at /data/html/hcmadras/header.php:32) in /data/html/hcmadras/config/dbconfig.php on line 10
[12-Jun-2026 19:06:08 Asia/Kolkata] PHP Warning:  Cannot modify header information - headers already sent by (output started at /data/html/hcmadras/header.php:32) in /data/html/hcmadras/config/dbconfig.php on line 11
[12-Jun-2026 19:06:08 Asia/Kolkata] PHP Warning:  Cannot modify header information - headers already sent by (output started at /data/html/hcmadras/header.php:32) in /data/html/hcmadras/config/dbconfig.php on line 21
[12-Jun-2026 19:06:08 Asia/Kolkata] PHP Warning:  ini_set() [<a href='0function.ini-set'>function.ini-set</a>]: Session ini settings cannot be changed after headers have already been sent in /data/html/hcmadras/config/dbconfig.php on line 22
[12-Jun-2026 19:06:08 Asia/Kolkata] PHP Warning:  ini_set() [<a href='0function.ini-set'>function.ini-set</a>]: Session ini settings cannot be changed after headers have already been sent in /data/html/hcmadras/config/dbconfig.php on line 23
[12-Jun-2026 19:06:08 Asia/Kolkata] PHP Warning:  ini_set() [<a href='0function.ini-set'>function.ini-set</a>]: Session ini settings cannot be changed after headers have already been sent in /data/html/hcmadras/config/dbconfig.php on line 24
[12-Jun-2026 19:06:08 Asia/Kolkata] PHP Deprecated:  uasort() [<a href='0function.uasort'>function.uasort</a>]: Returning bool from comparison function is deprecated, return an integer less than, equal to, or greater than zero in /data/html/hcmadras/menu_s.php on line 80
[12-Jun-2026 19:06:08 Asia/Kolkata] PHP Deprecated:  uasort() [<a href='0function.uasort'>function.uasort</a>]: Returning bool from comparison function is deprecated, return an integer less than, equal to, or greater than zero in /data/html/hcmadras/menu_s.php on line 87
[12-Jun-2026 19:06:08 Asia/Kolkata] PHP Deprecated:  uasort() [<a href='0function.uasort'>function.uasort</a>]: Returning bool from comparison function is deprecated, return an integer less than, equal to, or greater than zero in /data/html/hcmadras/menu_s.php on line 93
[12-Jun-2026 19:06:08 Asia/Kolkata] PHP Warning:  Undefined variable $no in /data/html/hcmadras/menu_s.php on line 150
[12-Jun-2026 19:06:08 Asia/Kolkata] PHP Warning:  Cannot modify header information - headers already sent by (output started at /data/html/hcmadras/header.php:32) in /data/html/hcmadras/config/dbconfig.php on line 5
[12-Jun-2026 19:06:08 Asia/Kolkata] PHP Warning:  Cannot modify header information - headers already sent by (output started at /data/html/hcmadras/header.php:32) in /data/html/hcmadras/config/dbconfig.php on line 6
[12-Jun-2026 19:06:08 Asia/Kolkata] PHP Warning:  Cannot modify header information - headers already sent by (output started at /data/html/hcmadras/header.php:32) in /data/html/hcmadras/config/dbconfig.php on line 7
[12-Jun-2026 19:06:08 Asia/Kolkata] PHP Warning:  Cannot modify header information - headers already sent by (output started at /data/html/hcmadras/header.php:32) in /data/html/hcmadras/config/dbconfig.php on line 8
[12-Jun-2026 19:06:08 Asia/Kolkata] PHP Warning:  Cannot modify header information - headers already sent by (output started at /data/html/hcmadras/header.php:32) in /data/html/hcmadras/config/dbconfig.php on line 9
[12-Jun-2026 19:06:08 Asia/Kolkata] PHP Warning:  Cannot modify header information - headers already sent by (output started at /data/html/hcmadras/header.php:32) in /data/html/hcmadras/config/dbconfig.php on line 10
[12-Jun-2026 19:06:08 Asia/Kolkata] PHP Warning:  Cannot modify header information - headers already sent by (output started at /data/html/hcmadras/header.php:32) in /data/html/hcmadras/config/dbconfig.php on line 11
[12-Jun-2026 19:06:08 Asia/Kolkata] PHP Warning:  Cannot modify header information - headers already sent by (output started at /data/html/hcmadras/header.php:32) in /data/html/hcmadras/config/dbconfig.php on line 21
[12-Jun-2026 19:06:08 Asia/Kolkata] PHP Warning:  ini_set() [<a href='0function.ini-set'>function.ini-set</a>]: Session ini settings cannot be changed after headers have already been sent in /data/html/hcmadras/config/dbconfig.php on line 22
[12-Jun-2026 19:06:08 Asia/Kolkata] PHP Warning:  ini_set() [<a href='0function.ini-set'>function.ini-set</a>]: Session ini settings cannot be changed after headers have already been sent in /data/html/hcmadras/config/dbconfig.php on line 23
[12-Jun-2026 19:06:08 Asia/Kolkata] PHP Warning:  ini_set() [<a href='0function.ini-set'>function.ini-set</a>]: Session ini settings cannot be changed after headers have already been sent in /data/html/hcmadras/config/dbconfig.php on line 24
[12-Jun-2026 19:06:08 Asia/Kolkata] PHP Warning:  pg_prepare() [<a href='0function.pg-prepare'>function.pg-prepare</a>]: Query failed: ERROR:  prepared statement &quot;params&quot; already exists in /data/html/hcmadras/index_data.php on line 244
[12-Jun-2026 19:06:08 Asia/Kolkata] PHP Warning:  Cannot modify header information - headers already sent by (output started at /data/html/hcmadras/header.php:32) in /data/html/hcmadras/config/dbconfig.php on line 5
[12-Jun-2026 19:06:08 Asia/Kolkata] PHP Warning:  Cannot modify header information - headers already sent by (output started at /data/html/hcmadras/header.php:32) in /data/html/hcmadras/config/dbconfig.php on line 6
[12-Jun-2026 19:06:08 Asia/Kolkata] PHP Warning:  Cannot modify header information - headers already sent by (output started at /data/html/hcmadras/header.php:32) in /data/html/hcmadras/config/dbconfig.php on line 7
[12-Jun-2026 19:06:08 Asia/Kolkata] PHP Warning:  Cannot modify header information - headers already sent by (output started at /data/html/hcmadras/header.php:32) in /data/html/hcmadras/config/dbconfig.php on line 8
[12-Jun-2026 19:06:08 Asia/Kolkata] PHP Warning:  Cannot modify header information - headers already sent by (output started at /data/html/hcmadras/header.php:32) in /data/html/hcmadras/config/dbconfig.php on line 9
[12-Jun-2026 19:06:08 Asia/Kolkata] PHP Warning:  Cannot modify header information - headers already sent by (output started at /data/html/hcmadras/header.php:32) in /data/html/hcmadras/config/dbconfig.php on line 10
[12-Jun-2026 19:06:08 Asia/Kolkata] PHP Warning:  Cannot modify header information - headers already sent by (output started at /data/html/hcmadras/header.php:32) in /data/html/hcmadras/config/dbconfig.php on line 11
[12-Jun-2026 19:06:08 Asia/Kolkata] PHP Warning:  Cannot modify header information - headers already sent by (output started at /data/html/hcmadras/header.php:32) in /data/html/hcmadras/config/dbconfig.php on line 21
[12-Jun-2026 19:06:08 Asia/Kolkata] PHP Warning:  ini_set() [<a href='0function.ini-set'>function.ini-set</a>]: Session ini settings cannot be changed after headers have already been sent in /data/html/hcmadras/config/dbconfig.php on line 22
[12-Jun-2026 19:06:08 Asia/Kolkata] PHP Warning:  ini_set() [<a href='0function.ini-set'>function.ini-set</a>]: Session ini settings cannot be changed after headers have already been sent in /data/html/hcmadras/config/dbconfig.php on line 23
[12-Jun-2026 19:06:08 Asia/Kolkata] PHP Warning:  ini_set() [<a href='0function.ini-set'>function.ini-set</a>]: Session ini settings cannot be changed after headers have already been sent in /data/html/hcmadras/config/dbconfig.php on line 24
Fatal Error: Array
(
    [type] => 2
    [message] => ini_set() [<a href='0function.ini-set'>function.ini-set</a>]: Session ini settings cannot be changed after headers have already been sent
    [file] => /data/html/hcmadras/config/dbconfig.php
    [line] => 24
)
[12-Jun-2026 19:06:25 Asia/Kolkata] PHP Warning:  ini_set(): Session ini settings cannot be changed when a session is active in /data/html/hcmadras/config/dbconfig.php on line 22
[12-Jun-2026 19:06:25 Asia/Kolkata] PHP Warning:  ini_set(): Session ini settings cannot be changed when a session is active in /data/html/hcmadras/config/dbconfig.php on line 23
[12-Jun-2026 19:06:25 Asia/Kolkata] PHP Warning:  ini_set(): Session ini settings cannot be changed when a session is active in /data/html/hcmadras/config/dbconfig.php on line 24
[12-Jun-2026 19:06:25 Asia/Kolkata] PHP Warning:  Cannot modify header information - headers already sent by (output started at /data/html/hcmadras/header.php:32) in /data/html/hcmadras/config/dbconfig.php on line 5
[12-Jun-2026 19:06:25 Asia/Kolkata] PHP Warning:  Cannot modify header information - headers already sent by (output started at /data/html/hcmadras/header.php:32) in /data/html/hcmadras/config/dbconfig.php on line 6
[12-Jun-2026 19:06:25 Asia/Kolkata] PHP Warning:  Cannot modify header information - headers already sent by (output started at /data/html/hcmadras/header.php:32) in /data/html/hcmadras/config/dbconfig.php on line 7
[12-Jun-2026 19:06:25 Asia/Kolkata] PHP Warning:  Cannot modify header information - headers already sent by (output started at /data/html/hcmadras/header.php:32) in /data/html/hcmadras/config/dbconfig.php on line 8
[12-Jun-2026 19:06:25 Asia/Kolkata] PHP Warning:  Cannot modify header information - headers already sent by (output started at /data/html/hcmadras/header.php:32) in /data/html/hcmadras/config/dbconfig.php on line 9
[12-Jun-2026 19:06:25 Asia/Kolkata] PHP Warning:  Cannot modify header information - headers already sent by (output started at /data/html/hcmadras/header.php:32) in /data/html/hcmadras/config/dbconfig.php on line 10
[12-Jun-2026 19:06:25 Asia/Kolkata] PHP Warning:  Cannot modify header information - headers already sent by (output started at /data/html/hcmadras/header.php:32) in /data/html/hcmadras/config/dbconfig.php on line 11
[12-Jun-2026 19:06:25 Asia/Kolkata] PHP Warning:  Cannot modify header information - headers already sent by (output started at /data/html/hcmadras/header.php:32) in /data/html/hcmadras/config/dbconfig.php on line 21
[12-Jun-2026 19:06:25 Asia/Kolkata] PHP Warning:  ini_set() [<a href='0function.ini-set'>function.ini-set</a>]: Session ini settings cannot be changed after headers have already been sent in /data/html/hcmadras/config/dbconfig.php on line 22
[12-Jun-2026 19:06:25 Asia/Kolkata] PHP Warning:  ini_set() [<a href='0function.ini-set'>function.ini-set</a>]: Session ini settings cannot be changed after headers have already been sent in /data/html/hcmadras/config/dbconfig.php on line 23
[12-Jun-2026 19:06:25 Asia/Kolkata] PHP Warning:  ini_set() [<a href='0function.ini-set'>function.ini-set</a>]: Session ini settings cannot be changed after headers have already been sent in /data/html/hcmadras/config/dbconfig.php on line 24
[12-Jun-2026 19:06:25 Asia/Kolkata] PHP Deprecated:  uasort() [<a href='0function.uasort'>function.uasort</a>]: Returning bool from comparison function is deprecated, return an integer less than, equal to, or greater than zero in /data/html/hcmadras/menu.php on line 83
[12-Jun-2026 19:06:25 Asia/Kolkata] PHP Deprecated:  uasort() [<a href='0function.uasort'>function.uasort</a>]: Returning bool from comparison function is deprecated, return an integer less than, equal to, or greater than zero in /data/html/hcmadras/menu.php on line 90
[12-Jun-2026 19:06:25 Asia/Kolkata] PHP Deprecated:  uasort() [<a href='0function.uasort'>function.uasort</a>]: Returning bool from comparison function is deprecated, return an integer less than, equal to, or greater than zero in /data/html/hcmadras/menu.php on line 96
[12-Jun-2026 19:06:25 Asia/Kolkata] PHP Warning:  Undefined variable $no in /data/html/hcmadras/menu.php on line 164
[12-Jun-2026 19:06:25 Asia/Kolkata] PHP Warning:  Cannot modify header information - headers already sent by (output started at /data/html/hcmadras/header.php:32) in /data/html/hcmadras/config/dbconfig.php on line 5
[12-Jun-2026 19:06:25 Asia/Kolkata] PHP Warning:  Cannot modify header information - headers already sent by (output started at /data/html/hcmadras/header.php:32) in /data/html/hcmadras/config/dbconfig.php on line 6
[12-Jun-2026 19:06:25 Asia/Kolkata] PHP Warning:  Cannot modify header information - headers already sent by (output started at /data/html/hcmadras/header.php:32) in /data/html/hcmadras/config/dbconfig.php on line 7
[12-Jun-2026 19:06:25 Asia/Kolkata] PHP Warning:  Cannot modify header information - headers already sent by (output started at /data/html/hcmadras/header.php:32) in /data/html/hcmadras/config/dbconfig.php on line 8
[12-Jun-2026 19:06:25 Asia/Kolkata] PHP Warning:  Cannot modify header information - headers already sent by (output started at /data/html/hcmadras/header.php:32) in /data/html/hcmadras/config/dbconfig.php on line 9
[12-Jun-2026 19:06:25 Asia/Kolkata] PHP Warning:  Cannot modify header information - headers already sent by (output started at /data/html/hcmadras/header.php:32) in /data/html/hcmadras/config/dbconfig.php on line 10
[12-Jun-2026 19:06:25 Asia/Kolkata] PHP Warning:  Cannot modify header information - headers already sent by (output started at /data/html/hcmadras/header.php:32) in /data/html/hcmadras/config/dbconfig.php on line 11
[12-Jun-2026 19:06:25 Asia/Kolkata] PHP Warning:  Cannot modify header information - headers already sent by (output started at /data/html/hcmadras/header.php:32) in /data/html/hcmadras/config/dbconfig.php on line 21
[12-Jun-2026 19:06:25 Asia/Kolkata] PHP Warning:  ini_set() [<a href='0function.ini-set'>function.ini-set</a>]: Session ini settings cannot be changed after headers have already been sent in /data/html/hcmadras/config/dbconfig.php on line 22
[12-Jun-2026 19:06:25 Asia/Kolkata] PHP Warning:  ini_set() [<a href='0function.ini-set'>function.ini-set</a>]: Session ini settings cannot be changed after headers have already been sent in /data/html/hcmadras/config/dbconfig.php on line 23
[12-Jun-2026 19:06:25 Asia/Kolkata] PHP Warning:  ini_set() [<a href='0function.ini-set'>function.ini-set</a>]: Session ini settings cannot be changed after headers have already been sent in /data/html/hcmadras/config/dbconfig.php on line 24
[12-Jun-2026 19:06:25 Asia/Kolkata] PHP Deprecated:  uasort() [<a href='0function.uasort'>function.uasort</a>]: Returning bool from comparison function is deprecated, return an integer less than, equal to, or greater than zero in /data/html/hcmadras/menu_s.php on line 80
[12-Jun-2026 19:06:25 Asia/Kolkata] PHP Deprecated:  uasort() [<a href='0function.uasort'>function.uasort</a>]: Returning bool from comparison function is deprecated, return an integer less than, equal to, or greater than zero in /data/html/hcmadras/menu_s.php on line 87
[12-Jun-2026 19:06:25 Asia/Kolkata] PHP Deprecated:  uasort() [<a href='0function.uasort'>function.uasort</a>]: Returning bool from comparison function is deprecated, return an integer less than, equal to, or greater than zero in /data/html/hcmadras/menu_s.php on line 93
[12-Jun-2026 19:06:25 Asia/Kolkata] PHP Warning:  Undefined variable $no in /data/html/hcmadras/menu_s.php on line 150
[12-Jun-2026 19:06:25 Asia/Kolkata] PHP Warning:  Cannot modify header information - headers already sent by (output started at /data/html/hcmadras/header.php:32) in /data/html/hcmadras/config/dbconfig.php on line 5
[12-Jun-2026 19:06:25 Asia/Kolkata] PHP Warning:  Cannot modify header information - headers already sent by (output started at /data/html/hcmadras/header.php:32) in /data/html/hcmadras/config/dbconfig.php on line 6
[12-Jun-2026 19:06:25 Asia/Kolkata] PHP Warning:  Cannot modify header information - headers already sent by (output started at /data/html/hcmadras/header.php:32) in /data/html/hcmadras/config/dbconfig.php on line 7
[12-Jun-2026 19:06:25 Asia/Kolkata] PHP Warning:  Cannot modify header information - headers already sent by (output started at /data/html/hcmadras/header.php:32) in /data/html/hcmadras/config/dbconfig.php on line 8
[12-Jun-2026 19:06:25 Asia/Kolkata] PHP Warning:  Cannot modify header information - headers already sent by (output started at /data/html/hcmadras/header.php:32) in /data/html/hcmadras/config/dbconfig.php on line 9
[12-Jun-2026 19:06:25 Asia/Kolkata] PHP Warning:  Cannot modify header information - headers already sent by (output started at /data/html/hcmadras/header.php:32) in /data/html/hcmadras/config/dbconfig.php on line 10
[12-Jun-2026 19:06:25 Asia/Kolkata] PHP Warning:  Cannot modify header information - headers already sent by (output started at /data/html/hcmadras/header.php:32) in /data/html/hcmadras/config/dbconfig.php on line 11
[12-Jun-2026 19:06:25 Asia/Kolkata] PHP Warning:  Cannot modify header information - headers already sent by (output started at /data/html/hcmadras/header.php:32) in /data/html/hcmadras/config/dbconfig.php on line 21
[12-Jun-2026 19:06:25 Asia/Kolkata] PHP Warning:  ini_set() [<a href='0function.ini-set'>function.ini-set</a>]: Session ini settings cannot be changed after headers have already been sent in /data/html/hcmadras/config/dbconfig.php on line 22
[12-Jun-2026 19:06:25 Asia/Kolkata] PHP Warning:  ini_set() [<a href='0function.ini-set'>function.ini-set</a>]: Session ini settings cannot be changed after headers have already been sent in /data/html/hcmadras/config/dbconfig.php on line 23
[12-Jun-2026 19:06:25 Asia/Kolkata] PHP Warning:  ini_set() [<a href='0function.ini-set'>function.ini-set</a>]: Session ini settings cannot be changed after headers have already been sent in /data/html/hcmadras/config/dbconfig.php on line 24
[12-Jun-2026 19:06:25 Asia/Kolkata] PHP Warning:  pg_prepare() [<a href='0function.pg-prepare'>function.pg-prepare</a>]: Query failed: ERROR:  prepared statement &quot;params&quot; already exists in /data/html/hcmadras/index_data.php on line 244
[12-Jun-2026 19:06:25 Asia/Kolkata] PHP Warning:  Cannot modify header information - headers already sent by (output started at /data/html/hcmadras/header.php:32) in /data/html/hcmadras/config/dbconfig.php on line 5
[12-Jun-2026 19:06:25 Asia/Kolkata] PHP Warning:  Cannot modify header information - headers already sent by (output started at /data/html/hcmadras/header.php:32) in /data/html/hcmadras/config/dbconfig.php on line 6
[12-Jun-2026 19:06:25 Asia/Kolkata] PHP Warning:  Cannot modify header information - headers already sent by (output started at /data/html/hcmadras/header.php:32) in /data/html/hcmadras/config/dbconfig.php on line 7
[12-Jun-2026 19:06:25 Asia/Kolkata] PHP Warning:  Cannot modify header information - headers already sent by (output started at /data/html/hcmadras/header.php:32) in /data/html/hcmadras/config/dbconfig.php on line 8
[12-Jun-2026 19:06:25 Asia/Kolkata] PHP Warning:  Cannot modify header information - headers already sent by (output started at /data/html/hcmadras/header.php:32) in /data/html/hcmadras/config/dbconfig.php on line 9
[12-Jun-2026 19:06:25 Asia/Kolkata] PHP Warning:  Cannot modify header information - headers already sent by (output started at /data/html/hcmadras/header.php:32) in /data/html/hcmadras/config/dbconfig.php on line 10
[12-Jun-2026 19:06:25 Asia/Kolkata] PHP Warning:  Cannot modify header information - headers already sent by (output started at /data/html/hcmadras/header.php:32) in /data/html/hcmadras/config/dbconfig.php on line 11
[12-Jun-2026 19:06:25 Asia/Kolkata] PHP Warning:  Cannot modify header information - headers already sent by (output started at /data/html/hcmadras/header.php:32) in /data/html/hcmadras/config/dbconfig.php on line 21
[12-Jun-2026 19:06:25 Asia/Kolkata] PHP Warning:  ini_set() [<a href='0function.ini-set'>function.ini-set</a>]: Session ini settings cannot be changed after headers have already been sent in /data/html/hcmadras/config/dbconfig.php on line 22
[12-Jun-2026 19:06:25 Asia/Kolkata] PHP Warning:  ini_set() [<a href='0function.ini-set'>function.ini-set</a>]: Session ini settings cannot be changed after headers have already been sent in /data/html/hcmadras/config/dbconfig.php on line 23
[12-Jun-2026 19:06:25 Asia/Kolkata] PHP Warning:  ini_set() [<a href='0function.ini-set'>function.ini-set</a>]: Session ini settings cannot be changed after headers have already been sent in /data/html/hcmadras/config/dbconfig.php on line 24
Fatal Error: Array
(
    [type] => 2
    [message] => ini_set() [<a href='0function.ini-set'>function.ini-set</a>]: Session ini settings cannot be changed after headers have already been sent
    [file] => /data/html/hcmadras/config/dbconfig.php
    [line] => 24
)
